policy_id,dataset,num_rules,ga_fitness,ga_coverage,ga_diversity,ga_suite_size,ga_time_s,jcsce_fitness,jcsce_coverage,jcsce_diversity,jcsce_suite_size,jcsce_time_s,rand_fitness,rand_coverage,rand_diversity,rand_suite_size,rand_time_s,improvement_rand,improvement_jcsce
authzforce_0000.xml,authzforce,1,0.8154,1.0,0.0,9,0.206,0.672,1.0,0.0,7,0.006,0.64,1.0,0.0,15,0.027,27.41,21.34
authzforce_0001.xml,authzforce,1,0.8154,1.0,0.0,9,0.282,0.672,1.0,0.0,7,0.013,0.64,1.0,0.0,15,0.041,27.41,21.34
authzforce_0002.xml,authzforce,1,0.8154,1.0,0.0,9,0.178,0.672,1.0,0.0,7,0.006,0.64,1.0,0.0,15,0.022,27.41,21.34
authzforce_0003.xml,authzforce,1,0.8154,1.0,0.0,9,0.201,0.672,1.0,0.0,7,0.007,0.64,1.0,0.0,15,0.023,27.41,21.34
authzforce_0005.xml,authzforce,1,0.8154,1.0,0.0,9,0.167,0.672,1.0,0.0,7,0.01,0.64,1.0,0.0,15,0.024,27.41,21.34
authzforce_0006.xml,authzforce,1,0.8154,1.0,0.0,9,0.175,0.672,1.0,0.0,7,0.007,0.64,1.0,0.0,15,0.02,27.41,21.34
authzforce_0007.xml,authzforce,1,0.8154,1.0,0.0,9,0.179,0.672,1.0,0.0,7,0.006,0.64,1.0,0.0,15,0.027,27.41,21.34
authzforce_0009.xml,authzforce,1,0.9582,1.0,0.556,10,0.619,0.8493,1.0,0.6309,10,0.034,0.8287,1.0,0.6289,15,0.05,15.63,12.82
authzforce_0012.xml,authzforce,1,0.8154,1.0,0.0,9,0.178,0.672,1.0,0.0,7,0.006,0.64,1.0,0.0,15,0.025,27.41,21.34
authzforce_0014.xml,authzforce,1,0.8154,1.0,0.0,9,0.191,0.672,1.0,0.0,7,0.006,0.64,1.0,0.0,15,0.024,27.41,21.34
authzforce_0015.xml,authzforce,1,0.8154,1.0,0.0,9,0.228,0.672,1.0,0.0,7,0.01,0.64,1.0,0.0,15,0.031,27.41,21.34
authzforce_0016.xml,authzforce,1,0.8154,1.0,0.0,9,0.193,0.672,1.0,0.0,7,0.007,0.64,1.0,0.0,15,0.029,27.41,21.34
authzforce_0017.xml,authzforce,1,0.8154,1.0,0.0,9,0.255,0.672,1.0,0.0,7,0.009,0.64,1.0,0.0,15,0.027,27.41,21.34
authzforce_0018.xml,authzforce,1,0.8154,1.0,0.0,9,0.211,0.672,1.0,0.0,7,0.01,0.64,1.0,0.0,15,0.023,27.41,21.34
authzforce_0022.xml,authzforce,2,0.9592,1.0,0.5119,6,0.739,0.8479,1.0,0.6264,10,0.037,0.8195,1.0,0.5982,15,0.05,17.05,13.13
authzforce_0023.xml,authzforce,3,0.9518,1.0,0.9008,9,0.542,0.9591,1.0,0.997,10,0.033,0.9297,1.0,0.9656,15,0.065,2.38,-0.76
authzforce_0024.xml,authzforce,2,0.9592,1.0,0.5119,6,0.735,0.8479,1.0,0.6264,10,0.034,0.8195,1.0,0.5982,15,0.05,17.05,13.13
authzforce_0025.xml,authzforce,3,0.9546,1.0,0.9223,9,0.949,0.9485,1.0,0.9216,7,0.044,0.9167,1.0,0.9224,15,0.079,4.13,0.64
authzforce_0026.xml,authzforce,2,0.9592,1.0,0.5119,6,0.747,0.8479,1.0,0.6264,10,0.033,0.8195,1.0,0.5982,15,0.172,17.05,13.13
authzforce_0027.xml,authzforce,3,0.9546,1.0,0.9223,9,1.104,0.9485,1.0,0.9216,7,0.051,0.9167,1.0,0.9224,15,0.077,4.13,0.64
authzforce_0028.xml,authzforce,2,0.9592,1.0,0.5119,6,0.748,0.8479,1.0,0.6264,10,0.03,0.8195,1.0,0.5982,15,0.061,17.05,13.13
authzforce_0029.xml,authzforce,3,0.9518,1.0,0.9008,9,0.585,0.9591,1.0,0.997,10,0.034,0.9297,1.0,0.9656,15,0.05,2.38,-0.76
authzforce_0030.xml,authzforce,7,0.8515,1.0,0.0,8,0.331,0.672,1.0,0.0,7,0.017,0.64,1.0,0.0,15,0.04,33.05,26.71
authzforce_0031.xml,authzforce,1,0.7965,1.0,0.0,9,0.213,0.672,1.0,0.0,7,0.007,0.64,1.0,0.0,15,0.02,24.45,18.53
authzforce_0033.xml,authzforce,2,0.9406,1.0,0.9436,9,0.474,0.9394,1.0,0.9445,11,0.031,0.9236,1.0,0.9454,15,0.055,1.84,0.13
authzforce_0034.xml,authzforce,2,0.9406,1.0,0.9436,9,0.507,0.9394,1.0,0.9445,11,0.033,0.9236,1.0,0.9454,15,0.058,1.84,0.13
authzforce_0035.xml,authzforce,2,0.9406,1.0,0.9436,9,0.495,0.9394,1.0,0.9445,11,0.035,0.9236,1.0,0.9454,15,0.057,1.84,0.13
authzforce_0036.xml,authzforce,1,0.8154,1.0,0.0,9,0.21,0.672,1.0,0.0,7,0.01,0.64,1.0,0.0,15,0.026,27.41,21.34
authzforce_0037.xml,authzforce,1,0.8154,1.0,0.0,9,0.209,0.672,1.0,0.0,7,0.006,0.64,1.0,0.0,15,0.027,27.41,21.34
authzforce_0038.xml,authzforce,1,0.7965,1.0,0.0,9,0.227,0.672,1.0,0.0,7,0.006,0.64,1.0,0.0,15,0.022,24.45,18.53
authzforce_0039.xml,authzforce,1,0.7965,1.0,0.0,9,0.188,0.672,1.0,0.0,7,0.008,0.64,1.0,0.0,15,0.036,24.45,18.53
authzforce_0040.xml,authzforce,1,0.9223,1.0,0.6126,10,0.695,0.8493,1.0,0.6309,10,0.034,0.8287,1.0,0.6289,15,0.046,11.29,8.6
authzforce_0041.xml,authzforce,1,0.9223,1.0,0.6126,10,0.71,0.8493,1.0,0.6309,10,0.044,0.8287,1.0,0.6289,15,0.088,11.29,8.6
authzforce_0042.xml,authzforce,1,0.9582,1.0,0.556,10,0.768,0.8493,1.0,0.6309,10,0.044,0.8287,1.0,0.6289,15,0.064,15.63,12.82
authzforce_0043.xml,authzforce,1,0.9582,1.0,0.556,10,0.783,0.8493,1.0,0.6309,10,0.045,0.8287,1.0,0.6289,15,0.09,15.63,12.82
authzforce_0044.xml,authzforce,1,0.9582,1.0,0.556,10,0.789,0.8493,1.0,0.6309,10,0.063,0.8287,1.0,0.6289,15,0.08,15.63,12.82
authzforce_0045.xml,authzforce,1,0.9582,1.0,0.556,10,0.679,0.8493,1.0,0.6309,10,0.034,0.8287,1.0,0.6289,15,0.061,15.63,12.82
authzforce_0046.xml,authzforce,1,0.9582,1.0,0.556,10,0.661,0.8493,1.0,0.6309,10,0.035,0.8287,1.0,0.6289,15,0.057,15.63,12.82
authzforce_0047.xml,authzforce,1,0.9582,1.0,0.556,10,0.669,0.8493,1.0,0.6309,10,0.032,0.8287,1.0,0.6289,15,0.048,15.63,12.82
authzforce_0048.xml,authzforce,1,0.9582,1.0,0.556,10,0.68,0.8493,1.0,0.6309,10,0.034,0.8287,1.0,0.6289,15,0.053,15.63,12.82
authzforce_0049.xml,authzforce,1,0.9582,1.0,0.556,10,0.676,0.8493,1.0,0.6309,10,0.043,0.8287,1.0,0.6289,15,0.058,15.63,12.82
authzforce_0050.xml,authzforce,1,0.9582,1.0,0.556,10,0.706,0.8493,1.0,0.6309,10,0.041,0.8287,1.0,0.6289,15,0.063,15.63,12.82
authzforce_0051.xml,authzforce,1,0.9582,1.0,0.556,10,0.774,0.8493,1.0,0.6309,10,0.033,0.8287,1.0,0.6289,15,0.053,15.63,12.82
authzforce_0052.xml,authzforce,1,0.8154,1.0,0.0,9,0.26,0.672,1.0,0.0,7,0.013,0.64,1.0,0.0,15,0.028,27.41,21.34
authzforce_0053.xml,authzforce,1,0.8154,1.0,0.0,9,0.253,0.672,1.0,0.0,7,0.006,0.64,1.0,0.0,15,0.037,27.41,21.34
authzforce_0054.xml,authzforce,1,0.8469,1.0,0.0,9,0.168,0.672,1.0,0.0,7,0.012,0.64,1.0,0.0,15,0.021,32.33,26.03
authzforce_0055.xml,authzforce,1,0.8154,1.0,0.0,9,0.197,0.672,1.0,0.0,7,0.017,0.64,1.0,0.0,15,0.052,27.41,21.34
authzforce_0056.xml,authzforce,1,0.8154,1.0,0.0,9,0.185,0.672,1.0,0.0,7,0.007,0.64,1.0,0.0,15,0.023,27.41,21.34
authzforce_0057.xml,authzforce,1,0.7965,1.0,0.0,9,0.452,0.672,1.0,0.0,7,0.006,0.64,1.0,0.0,15,0.033,24.45,18.53
authzforce_0058.xml,authzforce,1,0.7965,1.0,0.0,9,0.197,0.672,1.0,0.0,7,0.011,0.64,1.0,0.0,15,0.031,24.45,18.53
authzforce_0059.xml,authzforce,1,0.9223,1.0,0.6126,10,0.656,0.8493,1.0,0.6309,10,0.031,0.8287,1.0,0.6289,15,0.05,11.29,8.6
authzforce_0060.xml,authzforce,1,0.9223,1.0,0.6126,10,0.735,0.8493,1.0,0.6309,10,0.028,0.8287,1.0,0.6289,15,0.054,11.29,8.6
authzforce_0061.xml,authzforce,1,0.7965,1.0,0.0,9,0.218,0.672,1.0,0.0,7,0.01,0.64,1.0,0.0,15,0.027,24.45,18.53
authzforce_0062.xml,authzforce,1,0.7965,1.0,0.0,9,0.198,0.672,1.0,0.0,7,0.007,0.64,1.0,0.0,15,0.026,24.45,18.53
authzforce_0063.xml,authzforce,1,0.8154,1.0,0.0,9,0.22,0.672,1.0,0.0,7,0.008,0.64,1.0,0.0,15,0.031,27.41,21.34
authzforce_0064.xml,authzforce,1,0.7965,1.0,0.0,9,0.243,0.672,1.0,0.0,7,0.012,0.64,1.0,0.0,15,0.03,24.45,18.53
authzforce_0065.xml,authzforce,1,0.8154,1.0,0.0,9,0.241,0.672,1.0,0.0,7,0.007,0.64,1.0,0.0,15,0.024,27.41,21.34
authzforce_0066.xml,authzforce,1,0.8154,1.0,0.0,9,0.243,0.672,1.0,0.0,7,0.006,0.64,1.0,0.0,15,0.023,27.41,21.34
authzforce_0067.xml,authzforce,1,0.8154,1.0,0.0,9,0.242,0.672,1.0,0.0,7,0.009,0.64,1.0,0.0,15,0.025,27.41,21.34
authzforce_0068.xml,authzforce,1,0.8154,1.0,0.0,9,0.205,0.672,1.0,0.0,7,0.01,0.64,1.0,0.0,15,0.023,27.41,21.34
authzforce_0069.xml,authzforce,1,0.8154,1.0,0.0,9,0.248,0.672,1.0,0.0,7,0.007,0.64,1.0,0.0,15,0.023,27.41,21.34
authzforce_0070.xml,authzforce,1,0.8154,1.0,0.0,9,0.252,0.672,1.0,0.0,7,0.006,0.64,1.0,0.0,15,0.027,27.41,21.34
authzforce_0071.xml,authzforce,1,0.8154,1.0,0.0,9,0.227,0.672,1.0,0.0,7,0.009,0.64,1.0,0.0,15,0.035,27.41,21.34
authzforce_0072.xml,authzforce,1,0.8154,1.0,0.0,9,0.215,0.672,1.0,0.0,7,0.006,0.64,1.0,0.0,15,0.02,27.41,21.34
authzforce_0073.xml,authzforce,1,0.8154,1.0,0.0,9,0.263,0.672,1.0,0.0,7,0.008,0.64,1.0,0.0,15,0.026,27.41,21.34
authzforce_0074.xml,authzforce,1,0.8154,1.0,0.0,9,0.23,0.672,1.0,0.0,7,0.006,0.64,1.0,0.0,15,0.023,27.41,21.34
authzforce_0075.xml,authzforce,1,0.8154,1.0,0.0,9,0.261,0.672,1.0,0.0,7,0.006,0.64,1.0,0.0,15,0.023,27.41,21.34
authzforce_0076.xml,authzforce,1,0.8154,1.0,0.0,9,0.236,0.672,1.0,0.0,7,0.006,0.64,1.0,0.0,15,0.02,27.41,21.34
authzforce_0077.xml,authzforce,1,0.8154,1.0,0.0,9,0.214,0.672,1.0,0.0,7,0.008,0.64,1.0,0.0,15,0.024,27.41,21.34
authzforce_0078.xml,authzforce,1,0.8154,1.0,0.0,9,0.236,0.672,1.0,0.0,7,0.006,0.64,1.0,0.0,15,0.033,27.41,21.34
authzforce_0079.xml,authzforce,1,0.7965,1.0,0.0,9,0.224,0.672,1.0,0.0,7,0.006,0.64,1.0,0.0,15,0.033,24.45,18.53
authzforce_0080.xml,authzforce,1,0.7965,1.0,0.0,9,0.234,0.672,1.0,0.0,7,0.006,0.64,1.0,0.0,15,0.02,24.45,18.53
authzforce_0081.xml,authzforce,1,0.9223,1.0,0.6126,10,0.705,0.8493,1.0,0.6309,10,0.042,0.8287,1.0,0.6289,15,0.076,11.29,8.6
authzforce_0082.xml,authzforce,1,0.9223,1.0,0.6126,10,0.731,0.8493,1.0,0.6309,10,0.031,0.8287,1.0,0.6289,15,0.071,11.29,8.6
authzforce_0083.xml,authzforce,1,0.8154,1.0,0.0,9,0.314,0.672,1.0,0.0,7,0.011,0.64,1.0,0.0,15,0.036,27.41,21.34
authzforce_0084.xml,authzforce,1,0.8154,1.0,0.0,9,0.229,0.672,1.0,0.0,7,0.007,0.64,1.0,0.0,15,0.024,27.41,21.34
authzforce_0085.xml,authzforce,1,0.8154,1.0,0.0,9,0.23,0.672,1.0,0.0,7,0.008,0.64,1.0,0.0,15,0.022,27.41,21.34
authzforce_0086.xml,authzforce,1,0.8154,1.0,0.0,9,0.249,0.672,1.0,0.0,7,0.006,0.64,1.0,0.0,15,0.02,27.41,21.34
authzforce_0087.xml,authzforce,1,0.8154,1.0,0.0,9,0.503,0.672,1.0,0.0,7,0.009,0.64,1.0,0.0,15,0.022,27.41,21.34
authzforce_0088.xml,authzforce,1,0.8154,1.0,0.0,9,0.236,0.672,1.0,0.0,7,0.006,0.64,1.0,0.0,15,0.034,27.41,21.34
authzforce_0089.xml,authzforce,1,0.8154,1.0,0.0,9,0.207,0.672,1.0,0.0,7,0.007,0.64,1.0,0.0,15,0.028,27.41,21.34
authzforce_0090.xml,authzforce,1,0.8154,1.0,0.0,9,0.253,0.672,1.0,0.0,7,0.007,0.64,1.0,0.0,15,0.024,27.41,21.34
authzforce_0091.xml,authzforce,1,0.8154,1.0,0.0,9,0.243,0.672,1.0,0.0,7,0.007,0.64,1.0,0.0,15,0.026,27.41,21.34
authzforce_0092.xml,authzforce,1,0.8154,1.0,0.0,9,0.215,0.672,1.0,0.0,7,0.009,0.64,1.0,0.0,15,0.025,27.41,21.34
authzforce_0093.xml,authzforce,1,0.8154,1.0,0.0,9,0.255,0.672,1.0,0.0,7,0.01,0.64,1.0,0.0,15,0.034,27.41,21.34
authzforce_0094.xml,authzforce,1,0.8154,1.0,0.0,9,0.251,0.672,1.0,0.0,7,0.011,0.64,1.0,0.0,15,0.033,27.41,21.34
authzforce_0095.xml,authzforce,1,0.9223,1.0,0.6126,10,0.708,0.8493,1.0,0.6309,10,0.028,0.8287,1.0,0.6289,15,0.047,11.29,8.6
authzforce_0096.xml,authzforce,1,0.9223,1.0,0.6126,10,0.677,0.8493,1.0,0.6309,10,0.03,0.8287,1.0,0.6289,15,0.056,11.29,8.6
authzforce_0097.xml,authzforce,1,0.7965,1.0,0.0,9,0.308,0.672,1.0,0.0,7,0.006,0.64,1.0,0.0,15,0.02,24.45,18.53
authzforce_0098.xml,authzforce,1,0.7965,1.0,0.0,9,0.263,0.672,1.0,0.0,7,0.009,0.64,1.0,0.0,15,0.024,24.45,18.53
authzforce_0099.xml,authzforce,1,0.8154,1.0,0.0,9,0.187,0.672,1.0,0.0,7,0.01,0.64,1.0,0.0,15,0.029,27.41,21.34
authzforce_0100.xml,authzforce,1,0.8154,1.0,0.0,9,0.233,0.672,1.0,0.0,7,0.008,0.64,1.0,0.0,15,0.024,27.41,21.34
authzforce_0101.xml,authzforce,1,0.7965,1.0,0.0,9,0.201,0.672,1.0,0.0,7,0.01,0.64,1.0,0.0,15,0.043,24.45,18.53
authzforce_0102.xml,authzforce,1,0.7965,1.0,0.0,9,0.213,0.672,1.0,0.0,7,0.008,0.64,1.0,0.0,15,0.024,24.45,18.53
authzforce_0103.xml,authzforce,1,0.7965,1.0,0.0,9,0.189,0.672,1.0,0.0,7,0.009,0.64,1.0,0.0,15,0.029,24.45,18.53
authzforce_0104.xml,authzforce,1,0.7965,1.0,0.0,9,0.178,0.672,1.0,0.0,7,0.008,0.64,1.0,0.0,15,0.025,24.45,18.53
authzforce_0105.xml,authzforce,1,0.8154,1.0,0.0,9,0.29,0.672,1.0,0.0,7,0.012,0.64,1.0,0.0,15,0.034,27.41,21.34
authzforce_0106.xml,authzforce,1,0.8154,1.0,0.0,9,0.225,0.672,1.0,0.0,7,0.008,0.64,1.0,0.0,15,0.029,27.41,21.34
authzforce_0107.xml,authzforce,1,0.8469,1.0,0.0,9,0.188,0.672,1.0,0.0,7,0.006,0.64,1.0,0.0,15,0.025,32.33,26.03
authzforce_0108.xml,authzforce,1,0.8469,1.0,0.0,9,0.198,0.672,1.0,0.0,7,0.01,0.64,1.0,0.0,15,0.021,32.33,26.03
authzforce_0109.xml,authzforce,1,0.9582,1.0,0.556,10,0.682,0.8493,1.0,0.6309,10,0.03,0.8287,1.0,0.6289,15,0.054,15.63,12.82
authzforce_0110.xml,authzforce,1,0.9582,1.0,0.556,10,0.688,0.8493,1.0,0.6309,10,0.029,0.8287,1.0,0.6289,15,0.057,15.63,12.82
authzforce_0111.xml,authzforce,1,0.9582,1.0,0.556,10,0.736,0.8493,1.0,0.6309,10,0.031,0.8287,1.0,0.6289,15,0.063,15.63,12.82
authzforce_0112.xml,authzforce,1,0.9582,1.0,0.556,10,0.726,0.8493,1.0,0.6309,10,0.03,0.8287,1.0,0.6289,15,0.065,15.63,12.82
authzforce_0113.xml,authzforce,1,0.9582,1.0,0.556,10,0.711,0.8493,1.0,0.6309,10,0.036,0.8287,1.0,0.6289,15,0.059,15.63,12.82
authzforce_0114.xml,authzforce,1,0.9582,1.0,0.556,10,0.678,0.8493,1.0,0.6309,10,0.032,0.8287,1.0,0.6289,15,0.055,15.63,12.82
authzforce_0115.xml,authzforce,1,0.9582,1.0,0.556,10,0.711,0.8493,1.0,0.6309,10,0.03,0.8287,1.0,0.6289,15,0.057,15.63,12.82
authzforce_0116.xml,authzforce,1,0.9582,1.0,0.556,10,0.935,0.8493,1.0,0.6309,10,0.035,0.8287,1.0,0.6289,15,0.055,15.63,12.82
authzforce_0117.xml,authzforce,1,0.9582,1.0,0.556,10,0.691,0.8493,1.0,0.6309,10,0.033,0.8287,1.0,0.6289,15,0.064,15.63,12.82
authzforce_0118.xml,authzforce,1,0.9582,1.0,0.556,10,0.699,0.8493,1.0,0.6309,10,0.032,0.8287,1.0,0.6289,15,0.056,15.63,12.82
authzforce_0119.xml,authzforce,1,0.9582,1.0,0.556,10,0.709,0.8493,1.0,0.6309,10,0.033,0.8287,1.0,0.6289,15,0.055,15.63,12.82
authzforce_0120.xml,authzforce,1,0.9582,1.0,0.556,10,0.722,0.8493,1.0,0.6309,10,0.029,0.8287,1.0,0.6289,15,0.058,15.63,12.82
authzforce_0121.xml,authzforce,1,0.9582,1.0,0.556,10,0.684,0.8493,1.0,0.6309,10,0.029,0.8287,1.0,0.6289,15,0.067,15.63,12.82
authzforce_0122.xml,authzforce,1,0.9582,1.0,0.556,10,0.695,0.8493,1.0,0.6309,10,0.034,0.8287,1.0,0.6289,15,0.058,15.63,12.82
authzforce_0123.xml,authzforce,1,0.9582,1.0,0.556,10,0.732,0.8493,1.0,0.6309,10,0.035,0.8287,1.0,0.6289,15,0.083,15.63,12.82
authzforce_0124.xml,authzforce,1,0.9582,1.0,0.556,10,0.757,0.8493,1.0,0.6309,10,0.037,0.8287,1.0,0.6289,15,0.064,15.63,12.82
authzforce_0125.xml,authzforce,1,0.9582,1.0,0.556,10,0.673,0.8493,1.0,0.6309,10,0.045,0.8287,1.0,0.6289,15,0.074,15.63,12.82
authzforce_0126.xml,authzforce,1,0.9582,1.0,0.556,10,0.729,0.8493,1.0,0.6309,10,0.032,0.8287,1.0,0.6289,15,0.053,15.63,12.82
authzforce_0127.xml,authzforce,1,0.9582,1.0,0.556,10,0.727,0.8493,1.0,0.6309,10,0.028,0.8287,1.0,0.6289,15,0.05,15.63,12.82
authzforce_0128.xml,authzforce,1,0.9582,1.0,0.556,10,0.711,0.8493,1.0,0.6309,10,0.041,0.8287,1.0,0.6289,15,0.057,15.63,12.82
authzforce_0129.xml,authzforce,1,0.9582,1.0,0.556,10,0.675,0.8493,1.0,0.6309,10,0.027,0.8287,1.0,0.6289,15,0.058,15.63,12.82
authzforce_0130.xml,authzforce,1,0.9582,1.0,0.556,10,0.764,0.8493,1.0,0.6309,10,0.042,0.8287,1.0,0.6289,15,0.056,15.63,12.82
authzforce_0131.xml,authzforce,1,0.9582,1.0,0.556,10,0.86,0.8493,1.0,0.6309,10,0.059,0.8287,1.0,0.6289,15,0.085,15.63,12.82
authzforce_0132.xml,authzforce,1,0.9582,1.0,0.556,10,1.013,0.8493,1.0,0.6309,10,0.033,0.8287,1.0,0.6289,15,0.05,15.63,12.82
authzforce_0133.xml,authzforce,1,0.9582,1.0,0.556,10,0.692,0.8493,1.0,0.6309,10,0.041,0.8287,1.0,0.6289,15,0.044,15.63,12.82
authzforce_0134.xml,authzforce,1,0.9582,1.0,0.556,10,0.693,0.8493,1.0,0.6309,10,0.039,0.8287,1.0,0.6289,15,0.044,15.63,12.82
authzforce_0135.xml,authzforce,1,0.9582,1.0,0.556,10,0.675,0.8493,1.0,0.6309,10,0.036,0.8287,1.0,0.6289,15,0.049,15.63,12.82
authzforce_0136.xml,authzforce,1,0.9582,1.0,0.556,10,0.661,0.8493,1.0,0.6309,10,0.04,0.8287,1.0,0.6289,15,0.047,15.63,12.82
authzforce_0137.xml,authzforce,1,0.9582,1.0,0.556,10,0.672,0.8493,1.0,0.6309,10,0.03,0.8287,1.0,0.6289,15,0.061,15.63,12.82
authzforce_0138.xml,authzforce,1,0.9582,1.0,0.556,10,0.705,0.8493,1.0,0.6309,10,0.038,0.8287,1.0,0.6289,15,0.058,15.63,12.82
authzforce_0139.xml,authzforce,1,0.9582,1.0,0.556,10,0.714,0.8493,1.0,0.6309,10,0.027,0.8287,1.0,0.6289,15,0.048,15.63,12.82
authzforce_0140.xml,authzforce,1,0.9582,1.0,0.556,10,0.852,0.8493,1.0,0.6309,10,0.06,0.8287,1.0,0.6289,15,0.1,15.63,12.82
authzforce_0141.xml,authzforce,1,0.9582,1.0,0.556,10,0.756,0.8493,1.0,0.6309,10,0.037,0.8287,1.0,0.6289,15,0.061,15.63,12.82
authzforce_0142.xml,authzforce,1,0.9582,1.0,0.556,10,0.65,0.8493,1.0,0.6309,10,0.03,0.8287,1.0,0.6289,15,0.045,15.63,12.82
authzforce_0143.xml,authzforce,1,0.9582,1.0,0.556,10,0.82,0.8493,1.0,0.6309,10,0.028,0.8287,1.0,0.6289,15,0.065,15.63,12.82
authzforce_0144.xml,authzforce,1,0.9582,1.0,0.556,10,0.8,0.8493,1.0,0.6309,10,0.029,0.8287,1.0,0.6289,15,0.047,15.63,12.82
authzforce_0145.xml,authzforce,1,0.9582,1.0,0.556,10,0.615,0.8493,1.0,0.6309,10,0.028,0.8287,1.0,0.6289,15,0.043,15.63,12.82
authzforce_0146.xml,authzforce,1,0.9582,1.0,0.556,10,0.655,0.8493,1.0,0.6309,10,0.028,0.8287,1.0,0.6289,15,0.044,15.63,12.82
authzforce_0147.xml,authzforce,1,0.9582,1.0,0.556,10,0.876,0.8493,1.0,0.6309,10,0.055,0.8287,1.0,0.6289,15,0.055,15.63,12.82
authzforce_0148.xml,authzforce,1,0.9582,1.0,0.556,10,1.398,0.8493,1.0,0.6309,10,0.135,0.8287,1.0,0.6289,15,0.165,15.63,12.82
authzforce_0149.xml,authzforce,1,0.9582,1.0,0.556,10,0.682,0.8493,1.0,0.6309,10,0.033,0.8287,1.0,0.6289,15,0.052,15.63,12.82
authzforce_0150.xml,authzforce,1,0.9582,1.0,0.556,10,0.654,0.8493,1.0,0.6309,10,0.031,0.8287,1.0,0.6289,15,0.06,15.63,12.82
authzforce_0151.xml,authzforce,1,0.9582,1.0,0.556,10,0.851,0.8493,1.0,0.6309,10,0.037,0.8287,1.0,0.6289,15,0.056,15.63,12.82
authzforce_0152.xml,authzforce,1,0.9582,1.0,0.556,10,0.717,0.8493,1.0,0.6309,10,0.034,0.8287,1.0,0.6289,15,0.049,15.63,12.82
authzforce_0153.xml,authzforce,1,0.9582,1.0,0.556,10,0.859,0.8493,1.0,0.6309,10,0.06,0.8287,1.0,0.6289,15,0.122,15.63,12.82
authzforce_0154.xml,authzforce,1,0.9582,1.0,0.556,10,0.985,0.8493,1.0,0.6309,10,0.036,0.8287,1.0,0.6289,15,0.06,15.63,12.82
authzforce_0155.xml,authzforce,1,0.9582,1.0,0.556,10,0.749,0.8493,1.0,0.6309,10,0.033,0.8287,1.0,0.6289,15,0.056,15.63,12.82
authzforce_0156.xml,authzforce,1,0.9582,1.0,0.556,10,0.643,0.8493,1.0,0.6309,10,0.035,0.8287,1.0,0.6289,15,0.05,15.63,12.82
authzforce_0157.xml,authzforce,1,0.9582,1.0,0.556,10,0.658,0.8493,1.0,0.6309,10,0.027,0.8287,1.0,0.6289,15,0.048,15.63,12.82
authzforce_0158.xml,authzforce,1,0.9582,1.0,0.556,10,0.668,0.8493,1.0,0.6309,10,0.033,0.8287,1.0,0.6289,15,0.048,15.63,12.82
authzforce_0159.xml,authzforce,1,0.9582,1.0,0.556,10,0.675,0.8493,1.0,0.6309,10,0.035,0.8287,1.0,0.6289,15,0.043,15.63,12.82
authzforce_0160.xml,authzforce,1,0.9582,1.0,0.556,10,0.68,0.8493,1.0,0.6309,10,0.032,0.8287,1.0,0.6289,15,0.045,15.63,12.82
authzforce_0161.xml,authzforce,1,0.9582,1.0,0.556,10,1.126,0.8493,1.0,0.6309,10,0.114,0.8287,1.0,0.6289,15,0.113,15.63,12.82
authzforce_0162.xml,authzforce,1,0.9582,1.0,0.556,10,1.033,0.8493,1.0,0.6309,10,0.028,0.8287,1.0,0.6289,15,0.045,15.63,12.82
authzforce_0163.xml,authzforce,1,0.9582,1.0,0.556,10,0.816,0.8493,1.0,0.6309,10,0.042,0.8287,1.0,0.6289,15,0.059,15.63,12.82
authzforce_0164.xml,authzforce,1,0.9582,1.0,0.556,10,0.713,0.8493,1.0,0.6309,10,0.027,0.8287,1.0,0.6289,15,0.056,15.63,12.82
authzforce_0165.xml,authzforce,1,0.9582,1.0,0.556,10,0.937,0.8493,1.0,0.6309,10,0.099,0.8287,1.0,0.6289,15,0.173,15.63,12.82
authzforce_0166.xml,authzforce,1,0.9582,1.0,0.556,10,1.34,0.8493,1.0,0.6309,10,0.06,0.8287,1.0,0.6289,15,0.122,15.63,12.82
authzforce_0167.xml,authzforce,1,0.9582,1.0,0.556,10,0.72,0.8493,1.0,0.6309,10,0.035,0.8287,1.0,0.6289,15,0.058,15.63,12.82
authzforce_0168.xml,authzforce,1,0.9582,1.0,0.556,10,0.668,0.8493,1.0,0.6309,10,0.032,0.8287,1.0,0.6289,15,0.059,15.63,12.82
authzforce_0169.xml,authzforce,1,0.9582,1.0,0.556,10,0.674,0.8493,1.0,0.6309,10,0.027,0.8287,1.0,0.6289,15,0.059,15.63,12.82
authzforce_0170.xml,authzforce,1,0.9582,1.0,0.556,10,0.704,0.8493,1.0,0.6309,10,0.03,0.8287,1.0,0.6289,15,0.059,15.63,12.82
authzforce_0171.xml,authzforce,1,0.9582,1.0,0.556,10,0.781,0.8493,1.0,0.6309,10,0.033,0.8287,1.0,0.6289,15,0.065,15.63,12.82
authzforce_0172.xml,authzforce,1,0.9582,1.0,0.556,10,0.662,0.8493,1.0,0.6309,10,0.033,0.8287,1.0,0.6289,15,0.045,15.63,12.82
authzforce_0173.xml,authzforce,1,0.9582,1.0,0.556,10,0.665,0.8493,1.0,0.6309,10,0.033,0.8287,1.0,0.6289,15,0.043,15.63,12.82
authzforce_0174.xml,authzforce,1,0.9582,1.0,0.556,10,0.702,0.8493,1.0,0.6309,10,0.037,0.8287,1.0,0.6289,15,0.048,15.63,12.82
authzforce_0175.xml,authzforce,1,0.9582,1.0,0.556,10,0.655,0.8493,1.0,0.6309,10,0.035,0.8287,1.0,0.6289,15,0.058,15.63,12.82
authzforce_0176.xml,authzforce,1,0.9582,1.0,0.556,10,0.661,0.8493,1.0,0.6309,10,0.03,0.8287,1.0,0.6289,15,0.05,15.63,12.82
authzforce_0177.xml,authzforce,1,0.9582,1.0,0.556,10,0.653,0.8493,1.0,0.6309,10,0.032,0.8287,1.0,0.6289,15,0.05,15.63,12.82
authzforce_0178.xml,authzforce,1,0.9582,1.0,0.556,10,0.663,0.8493,1.0,0.6309,10,0.035,0.8287,1.0,0.6289,15,0.059,15.63,12.82
authzforce_0179.xml,authzforce,1,0.9582,1.0,0.556,10,0.676,0.8493,1.0,0.6309,10,0.034,0.8287,1.0,0.6289,15,0.056,15.63,12.82
authzforce_0180.xml,authzforce,1,0.9582,1.0,0.556,10,0.67,0.8493,1.0,0.6309,10,0.031,0.8287,1.0,0.6289,15,0.053,15.63,12.82
authzforce_0181.xml,authzforce,1,0.9582,1.0,0.556,10,0.657,0.8493,1.0,0.6309,10,0.027,0.8287,1.0,0.6289,15,0.052,15.63,12.82
authzforce_0182.xml,authzforce,1,0.9582,1.0,0.556,10,0.697,0.8493,1.0,0.6309,10,0.03,0.8287,1.0,0.6289,15,0.063,15.63,12.82
authzforce_0183.xml,authzforce,1,0.9582,1.0,0.556,10,0.691,0.8493,1.0,0.6309,10,0.03,0.8287,1.0,0.6289,15,0.056,15.63,12.82
authzforce_0184.xml,authzforce,1,0.9582,1.0,0.556,10,0.715,0.8493,1.0,0.6309,10,0.033,0.8287,1.0,0.6289,15,0.051,15.63,12.82
authzforce_0185.xml,authzforce,1,0.9582,1.0,0.556,10,0.661,0.8493,1.0,0.6309,10,0.03,0.8287,1.0,0.6289,15,0.059,15.63,12.82
authzforce_0186.xml,authzforce,1,0.9582,1.0,0.556,10,0.697,0.8493,1.0,0.6309,10,0.036,0.8287,1.0,0.6289,15,0.063,15.63,12.82
authzforce_0187.xml,authzforce,1,0.9582,1.0,0.556,10,0.677,0.8493,1.0,0.6309,10,0.035,0.8287,1.0,0.6289,15,0.056,15.63,12.82
authzforce_0188.xml,authzforce,1,0.9582,1.0,0.556,10,0.657,0.8493,1.0,0.6309,10,0.032,0.8287,1.0,0.6289,15,0.054,15.63,12.82
authzforce_0189.xml,authzforce,1,0.9582,1.0,0.556,10,0.663,0.8493,1.0,0.6309,10,0.034,0.8287,1.0,0.6289,15,0.05,15.63,12.82
authzforce_0190.xml,authzforce,1,0.9582,1.0,0.556,10,0.664,0.8493,1.0,0.6309,10,0.032,0.8287,1.0,0.6289,15,0.045,15.63,12.82
authzforce_0191.xml,authzforce,1,0.9582,1.0,0.556,10,0.667,0.8493,1.0,0.6309,10,0.031,0.8287,1.0,0.6289,15,0.045,15.63,12.82
authzforce_0192.xml,authzforce,1,0.9582,1.0,0.556,10,0.648,0.8493,1.0,0.6309,10,0.031,0.8287,1.0,0.6289,15,0.067,15.63,12.82
authzforce_0193.xml,authzforce,1,0.9582,1.0,0.556,10,0.69,0.8493,1.0,0.6309,10,0.032,0.8287,1.0,0.6289,15,0.061,15.63,12.82
authzforce_0194.xml,authzforce,1,0.9582,1.0,0.556,10,0.684,0.8493,1.0,0.6309,10,0.03,0.8287,1.0,0.6289,15,0.052,15.63,12.82
authzforce_0195.xml,authzforce,1,0.9582,1.0,0.556,10,0.65,0.8493,1.0,0.6309,10,0.034,0.8287,1.0,0.6289,15,0.061,15.63,12.82
authzforce_0196.xml,authzforce,1,0.9582,1.0,0.556,10,0.635,0.8493,1.0,0.6309,10,0.03,0.8287,1.0,0.6289,15,0.055,15.63,12.82
authzforce_0197.xml,authzforce,1,0.9582,1.0,0.556,10,0.666,0.8493,1.0,0.6309,10,0.037,0.8287,1.0,0.6289,15,0.063,15.63,12.82
authzforce_0198.xml,authzforce,1,0.9582,1.0,0.556,10,0.682,0.8493,1.0,0.6309,10,0.033,0.8287,1.0,0.6289,15,0.056,15.63,12.82
authzforce_0199.xml,authzforce,1,0.9582,1.0,0.556,10,0.669,0.8493,1.0,0.6309,10,0.036,0.8287,1.0,0.6289,15,0.078,15.63,12.82
authzforce_0200.xml,authzforce,1,0.9582,1.0,0.556,10,0.673,0.8493,1.0,0.6309,10,0.034,0.8287,1.0,0.6289,15,0.055,15.63,12.82
authzforce_0201.xml,authzforce,1,0.9582,1.0,0.556,10,0.672,0.8493,1.0,0.6309,10,0.029,0.8287,1.0,0.6289,15,0.051,15.63,12.82
authzforce_0202.xml,authzforce,1,0.9582,1.0,0.556,10,0.648,0.8493,1.0,0.6309,10,0.027,0.8287,1.0,0.6289,15,0.051,15.63,12.82
authzforce_0203.xml,authzforce,1,0.9582,1.0,0.556,10,0.702,0.8493,1.0,0.6309,10,0.029,0.8287,1.0,0.6289,15,0.048,15.63,12.82
authzforce_0204.xml,authzforce,1,0.9582,1.0,0.556,10,0.716,0.8493,1.0,0.6309,10,0.035,0.8287,1.0,0.6289,15,0.059,15.63,12.82
authzforce_0205.xml,authzforce,1,0.9582,1.0,0.556,10,0.676,0.8493,1.0,0.6309,10,0.029,0.8287,1.0,0.6289,15,0.056,15.63,12.82
authzforce_0206.xml,authzforce,1,0.9582,1.0,0.556,10,0.866,0.8493,1.0,0.6309,10,0.032,0.8287,1.0,0.6289,15,0.05,15.63,12.82
authzforce_0207.xml,authzforce,1,0.9582,1.0,0.556,10,0.914,0.8493,1.0,0.6309,10,0.029,0.8287,1.0,0.6289,15,0.061,15.63,12.82
authzforce_0208.xml,authzforce,1,0.9582,1.0,0.556,10,0.673,0.8493,1.0,0.6309,10,0.035,0.8287,1.0,0.6289,15,0.063,15.63,12.82
authzforce_0209.xml,authzforce,1,0.9582,1.0,0.556,10,0.65,0.8493,1.0,0.6309,10,0.027,0.8287,1.0,0.6289,15,0.053,15.63,12.82
authzforce_0210.xml,authzforce,1,0.9582,1.0,0.556,10,0.675,0.8493,1.0,0.6309,10,0.028,0.8287,1.0,0.6289,15,0.045,15.63,12.82
authzforce_0211.xml,authzforce,1,0.9582,1.0,0.556,10,0.653,0.8493,1.0,0.6309,10,0.035,0.8287,1.0,0.6289,15,0.053,15.63,12.82
authzforce_0212.xml,authzforce,1,0.9582,1.0,0.556,10,0.687,0.8493,1.0,0.6309,10,0.027,0.8287,1.0,0.6289,15,0.052,15.63,12.82
authzforce_0213.xml,authzforce,1,0.9582,1.0,0.556,10,0.657,0.8493,1.0,0.6309,10,0.034,0.8287,1.0,0.6289,15,0.05,15.63,12.82
authzforce_0214.xml,authzforce,1,0.9582,1.0,0.556,10,0.636,0.8493,1.0,0.6309,10,0.03,0.8287,1.0,0.6289,15,0.046,15.63,12.82
authzforce_0215.xml,authzforce,1,0.9582,1.0,0.556,10,0.647,0.8493,1.0,0.6309,10,0.032,0.8287,1.0,0.6289,15,0.047,15.63,12.82
authzforce_0216.xml,authzforce,1,0.9582,1.0,0.556,10,0.663,0.8493,1.0,0.6309,10,0.034,0.8287,1.0,0.6289,15,0.054,15.63,12.82
authzforce_0217.xml,authzforce,1,0.9582,1.0,0.556,10,0.713,0.8493,1.0,0.6309,10,0.036,0.8287,1.0,0.6289,15,0.061,15.63,12.82
authzforce_0218.xml,authzforce,1,0.9582,1.0,0.556,10,0.727,0.8493,1.0,0.6309,10,0.031,0.8287,1.0,0.6289,15,0.055,15.63,12.82
authzforce_0219.xml,authzforce,1,0.9582,1.0,0.556,10,0.648,0.8493,1.0,0.6309,10,0.029,0.8287,1.0,0.6289,15,0.05,15.63,12.82
authzforce_0220.xml,authzforce,1,0.9582,1.0,0.556,10,0.7,0.8493,1.0,0.6309,10,0.029,0.8287,1.0,0.6289,15,0.101,15.63,12.82
authzforce_0221.xml,authzforce,1,0.9582,1.0,0.556,10,0.688,0.8493,1.0,0.6309,10,0.041,0.8287,1.0,0.6289,15,0.056,15.63,12.82
authzforce_0222.xml,authzforce,1,0.9582,1.0,0.556,10,0.708,0.8493,1.0,0.6309,10,0.035,0.8287,1.0,0.6289,15,0.055,15.63,12.82
authzforce_0223.xml,authzforce,1,0.9582,1.0,0.556,10,0.761,0.8493,1.0,0.6309,10,0.037,0.8287,1.0,0.6289,15,0.061,15.63,12.82
authzforce_0224.xml,authzforce,1,0.9582,1.0,0.556,10,1.383,0.8493,1.0,0.6309,10,0.076,0.8287,1.0,0.6289,15,0.065,15.63,12.82
authzforce_0225.xml,authzforce,1,0.9582,1.0,0.556,10,0.98,0.8493,1.0,0.6309,10,0.044,0.8287,1.0,0.6289,15,0.063,15.63,12.82
authzforce_0226.xml,authzforce,1,0.9582,1.0,0.556,10,0.825,0.8493,1.0,0.6309,10,0.028,0.8287,1.0,0.6289,15,0.047,15.63,12.82
authzforce_0227.xml,authzforce,1,0.9582,1.0,0.556,10,0.659,0.8493,1.0,0.6309,10,0.032,0.8287,1.0,0.6289,15,0.045,15.63,12.82
authzforce_0228.xml,authzforce,1,0.9582,1.0,0.556,10,0.738,0.8493,1.0,0.6309,10,0.057,0.8287,1.0,0.6289,15,0.07,15.63,12.82
authzforce_0229.xml,authzforce,1,0.9582,1.0,0.556,10,0.824,0.8493,1.0,0.6309,10,0.083,0.8287,1.0,0.6289,15,0.126,15.63,12.82
authzforce_0230.xml,authzforce,1,0.9582,1.0,0.556,10,0.849,0.8493,1.0,0.6309,10,0.031,0.8287,1.0,0.6289,15,0.062,15.63,12.82
authzforce_0231.xml,authzforce,1,0.9582,1.0,0.556,10,0.68,0.8493,1.0,0.6309,10,0.031,0.8287,1.0,0.6289,15,0.06,15.63,12.82
authzforce_0232.xml,authzforce,1,0.9582,1.0,0.556,10,0.674,0.8493,1.0,0.6309,10,0.03,0.8287,1.0,0.6289,15,0.045,15.63,12.82
authzforce_0233.xml,authzforce,1,0.9582,1.0,0.556,10,0.66,0.8493,1.0,0.6309,10,0.034,0.8287,1.0,0.6289,15,0.049,15.63,12.82
authzforce_0234.xml,authzforce,1,0.9582,1.0,0.556,10,0.628,0.8493,1.0,0.6309,10,0.03,0.8287,1.0,0.6289,15,0.048,15.63,12.82
authzforce_0235.xml,authzforce,1,0.9582,1.0,0.556,10,0.639,0.8493,1.0,0.6309,10,0.027,0.8287,1.0,0.6289,15,0.052,15.63,12.82
authzforce_0236.xml,authzforce,1,0.9582,1.0,0.556,10,0.65,0.8493,1.0,0.6309,10,0.033,0.8287,1.0,0.6289,15,0.046,15.63,12.82
authzforce_0237.xml,authzforce,1,0.9582,1.0,0.556,10,0.64,0.8493,1.0,0.6309,10,0.034,0.8287,1.0,0.6289,15,0.047,15.63,12.82
authzforce_0238.xml,authzforce,1,0.9582,1.0,0.556,10,0.686,0.8493,1.0,0.6309,10,0.035,0.8287,1.0,0.6289,15,0.043,15.63,12.82
authzforce_0239.xml,authzforce,1,0.9582,1.0,0.556,10,0.701,0.8493,1.0,0.6309,10,0.035,0.8287,1.0,0.6289,15,0.05,15.63,12.82
authzforce_0240.xml,authzforce,1,0.9582,1.0,0.556,10,0.648,0.8493,1.0,0.6309,10,0.027,0.8287,1.0,0.6289,15,0.057,15.63,12.82
authzforce_0241.xml,authzforce,1,0.9582,1.0,0.556,10,0.65,0.8493,1.0,0.6309,10,0.03,0.8287,1.0,0.6289,15,0.047,15.63,12.82
authzforce_0242.xml,authzforce,1,0.9582,1.0,0.556,10,0.659,0.8493,1.0,0.6309,10,0.03,0.8287,1.0,0.6289,15,0.05,15.63,12.82
authzforce_0243.xml,authzforce,1,0.9582,1.0,0.556,10,0.646,0.8493,1.0,0.6309,10,0.029,0.8287,1.0,0.6289,15,0.056,15.63,12.82
authzforce_0244.xml,authzforce,1,0.9582,1.0,0.556,10,0.635,0.8493,1.0,0.6309,10,0.033,0.8287,1.0,0.6289,15,0.045,15.63,12.82
authzforce_0245.xml,authzforce,1,0.9582,1.0,0.556,10,0.642,0.8493,1.0,0.6309,10,0.027,0.8287,1.0,0.6289,15,0.047,15.63,12.82
authzforce_0246.xml,authzforce,1,0.9582,1.0,0.556,10,0.645,0.8493,1.0,0.6309,10,0.035,0.8287,1.0,0.6289,15,0.044,15.63,12.82
authzforce_0247.xml,authzforce,1,0.9582,1.0,0.556,10,0.657,0.8493,1.0,0.6309,10,0.027,0.8287,1.0,0.6289,15,0.057,15.63,12.82
authzforce_0248.xml,authzforce,1,0.9582,1.0,0.556,10,0.623,0.8493,1.0,0.6309,10,0.031,0.8287,1.0,0.6289,15,0.044,15.63,12.82
authzforce_0249.xml,authzforce,1,0.9582,1.0,0.556,10,0.658,0.8493,1.0,0.6309,10,0.03,0.8287,1.0,0.6289,15,0.051,15.63,12.82
authzforce_0250.xml,authzforce,1,0.9582,1.0,0.556,10,0.644,0.8493,1.0,0.6309,10,0.032,0.8287,1.0,0.6289,15,0.05,15.63,12.82
authzforce_0251.xml,authzforce,1,0.9582,1.0,0.556,10,0.634,0.8493,1.0,0.6309,10,0.028,0.8287,1.0,0.6289,15,0.051,15.63,12.82
authzforce_0252.xml,authzforce,1,0.9582,1.0,0.556,10,0.653,0.8493,1.0,0.6309,10,0.032,0.8287,1.0,0.6289,15,0.044,15.63,12.82
authzforce_0253.xml,authzforce,1,0.9582,1.0,0.556,10,0.661,0.8493,1.0,0.6309,10,0.029,0.8287,1.0,0.6289,15,0.047,15.63,12.82
authzforce_0254.xml,authzforce,1,0.9582,1.0,0.556,10,0.646,0.8493,1.0,0.6309,10,0.034,0.8287,1.0,0.6289,15,0.051,15.63,12.82
authzforce_0255.xml,authzforce,1,0.9582,1.0,0.556,10,0.619,0.8493,1.0,0.6309,10,0.027,0.8287,1.0,0.6289,15,0.049,15.63,12.82
authzforce_0256.xml,authzforce,1,0.9582,1.0,0.556,10,0.662,0.8493,1.0,0.6309,10,0.034,0.8287,1.0,0.6289,15,0.054,15.63,12.82
authzforce_0257.xml,authzforce,1,0.9582,1.0,0.556,10,0.656,0.8493,1.0,0.6309,10,0.03,0.8287,1.0,0.6289,15,0.053,15.63,12.82
authzforce_0258.xml,authzforce,1,0.9582,1.0,0.556,10,0.641,0.8493,1.0,0.6309,10,0.027,0.8287,1.0,0.6289,15,0.052,15.63,12.82
authzforce_0259.xml,authzforce,1,0.9582,1.0,0.556,10,0.639,0.8493,1.0,0.6309,10,0.031,0.8287,1.0,0.6289,15,0.051,15.63,12.82
authzforce_0260.xml,authzforce,1,0.9582,1.0,0.556,10,0.66,0.8493,1.0,0.6309,10,0.034,0.8287,1.0,0.6289,15,0.043,15.63,12.82
authzforce_0261.xml,authzforce,1,0.9582,1.0,0.556,10,0.623,0.8493,1.0,0.6309,10,0.031,0.8287,1.0,0.6289,15,0.048,15.63,12.82
authzforce_0262.xml,authzforce,1,0.9582,1.0,0.556,10,0.65,0.8493,1.0,0.6309,10,0.037,0.8287,1.0,0.6289,15,0.052,15.63,12.82
authzforce_0263.xml,authzforce,1,0.9582,1.0,0.556,10,0.64,0.8493,1.0,0.6309,10,0.029,0.8287,1.0,0.6289,15,0.054,15.63,12.82
authzforce_0264.xml,authzforce,1,0.9582,1.0,0.556,10,0.62,0.8493,1.0,0.6309,10,0.027,0.8287,1.0,0.6289,15,0.055,15.63,12.82
authzforce_0265.xml,authzforce,1,0.9582,1.0,0.556,10,0.632,0.8493,1.0,0.6309,10,0.027,0.8287,1.0,0.6289,15,0.048,15.63,12.82
authzforce_0266.xml,authzforce,1,0.9582,1.0,0.556,10,0.659,0.8493,1.0,0.6309,10,0.028,0.8287,1.0,0.6289,15,0.055,15.63,12.82
authzforce_0267.xml,authzforce,1,0.9582,1.0,0.556,10,0.652,0.8493,1.0,0.6309,10,0.027,0.8287,1.0,0.6289,15,0.048,15.63,12.82
authzforce_0268.xml,authzforce,1,0.9582,1.0,0.556,10,0.606,0.8493,1.0,0.6309,10,0.029,0.8287,1.0,0.6289,15,0.043,15.63,12.82
authzforce_0269.xml,authzforce,1,0.9582,1.0,0.556,10,0.63,0.8493,1.0,0.6309,10,0.027,0.8287,1.0,0.6289,15,0.043,15.63,12.82
authzforce_0270.xml,authzforce,1,0.9582,1.0,0.556,10,0.634,0.8493,1.0,0.6309,10,0.029,0.8287,1.0,0.6289,15,0.045,15.63,12.82
authzforce_0271.xml,authzforce,1,0.9582,1.0,0.556,10,0.635,0.8493,1.0,0.6309,10,0.03,0.8287,1.0,0.6289,15,0.045,15.63,12.82
authzforce_0272.xml,authzforce,1,0.9582,1.0,0.556,10,0.642,0.8493,1.0,0.6309,10,0.035,0.8287,1.0,0.6289,15,0.053,15.63,12.82
authzforce_0273.xml,authzforce,1,0.9582,1.0,0.556,10,0.637,0.8493,1.0,0.6309,10,0.028,0.8287,1.0,0.6289,15,0.047,15.63,12.82
authzforce_0274.xml,authzforce,1,0.9582,1.0,0.556,10,0.655,0.8493,1.0,0.6309,10,0.031,0.8287,1.0,0.6289,15,0.049,15.63,12.82
authzforce_0275.xml,authzforce,1,0.9582,1.0,0.556,10,0.619,0.8493,1.0,0.6309,10,0.028,0.8287,1.0,0.6289,15,0.055,15.63,12.82
authzforce_0276.xml,authzforce,1,0.9582,1.0,0.556,10,0.643,0.8493,1.0,0.6309,10,0.027,0.8287,1.0,0.6289,15,0.051,15.63,12.82
authzforce_0277.xml,authzforce,1,0.9582,1.0,0.556,10,0.62,0.8493,1.0,0.6309,10,0.032,0.8287,1.0,0.6289,15,0.057,15.63,12.82
authzforce_0278.xml,authzforce,1,0.9582,1.0,0.556,10,0.64,0.8493,1.0,0.6309,10,0.032,0.8287,1.0,0.6289,15,0.053,15.63,12.82
authzforce_0279.xml,authzforce,1,0.9582,1.0,0.556,10,0.689,0.8493,1.0,0.6309,10,0.032,0.8287,1.0,0.6289,15,0.049,15.63,12.82
authzforce_0280.xml,authzforce,1,0.9582,1.0,0.556,10,0.671,0.8493,1.0,0.6309,10,0.027,0.8287,1.0,0.6289,15,0.048,15.63,12.82
authzforce_0281.xml,authzforce,1,0.9582,1.0,0.556,10,0.638,0.8493,1.0,0.6309,10,0.027,0.8287,1.0,0.6289,15,0.052,15.63,12.82
authzforce_0282.xml,authzforce,1,0.9582,1.0,0.556,10,0.662,0.8493,1.0,0.6309,10,0.035,0.8287,1.0,0.6289,15,0.06,15.63,12.82
authzforce_0283.xml,authzforce,1,0.9582,1.0,0.556,10,0.895,0.8493,1.0,0.6309,10,0.033,0.8287,1.0,0.6289,15,0.059,15.63,12.82
authzforce_0284.xml,authzforce,1,0.9582,1.0,0.556,10,0.67,0.8493,1.0,0.6309,10,0.035,0.8287,1.0,0.6289,15,0.049,15.63,12.82
authzforce_0285.xml,authzforce,1,0.9582,1.0,0.556,10,0.663,0.8493,1.0,0.6309,10,0.029,0.8287,1.0,0.6289,15,0.054,15.63,12.82
authzforce_0286.xml,authzforce,1,0.9582,1.0,0.556,10,0.667,0.8493,1.0,0.6309,10,0.033,0.8287,1.0,0.6289,15,0.061,15.63,12.82
authzforce_0287.xml,authzforce,1,0.9582,1.0,0.556,10,0.65,0.8493,1.0,0.6309,10,0.031,0.8287,1.0,0.6289,15,0.055,15.63,12.82
authzforce_0288.xml,authzforce,1,0.9582,1.0,0.556,10,0.648,0.8493,1.0,0.6309,10,0.03,0.8287,1.0,0.6289,15,0.053,15.63,12.82
authzforce_0289.xml,authzforce,1,0.9582,1.0,0.556,10,0.667,0.8493,1.0,0.6309,10,0.032,0.8287,1.0,0.6289,15,0.05,15.63,12.82
authzforce_0290.xml,authzforce,1,0.9582,1.0,0.556,10,0.65,0.8493,1.0,0.6309,10,0.035,0.8287,1.0,0.6289,15,0.055,15.63,12.82
authzforce_0291.xml,authzforce,1,0.9582,1.0,0.556,10,0.657,0.8493,1.0,0.6309,10,0.03,0.8287,1.0,0.6289,15,0.047,15.63,12.82
authzforce_0292.xml,authzforce,1,0.9582,1.0,0.556,10,0.678,0.8493,1.0,0.6309,10,0.029,0.8287,1.0,0.6289,15,0.057,15.63,12.82
authzforce_0293.xml,authzforce,1,0.9582,1.0,0.556,10,0.666,0.8493,1.0,0.6309,10,0.03,0.8287,1.0,0.6289,15,0.055,15.63,12.82
authzforce_0294.xml,authzforce,1,0.9582,1.0,0.556,10,0.681,0.8493,1.0,0.6309,10,0.034,0.8287,1.0,0.6289,15,0.062,15.63,12.82
authzforce_0295.xml,authzforce,1,0.9582,1.0,0.556,10,0.673,0.8493,1.0,0.6309,10,0.03,0.8287,1.0,0.6289,15,0.059,15.63,12.82
authzforce_0296.xml,authzforce,1,0.9582,1.0,0.556,10,0.669,0.8493,1.0,0.6309,10,0.033,0.8287,1.0,0.6289,15,0.057,15.63,12.82
authzforce_0297.xml,authzforce,1,0.9582,1.0,0.556,10,0.657,0.8493,1.0,0.6309,10,0.038,0.8287,1.0,0.6289,15,0.052,15.63,12.82
authzforce_0298.xml,authzforce,1,0.9582,1.0,0.556,10,0.669,0.8493,1.0,0.6309,10,0.027,0.8287,1.0,0.6289,15,0.05,15.63,12.82
authzforce_0299.xml,authzforce,1,0.9582,1.0,0.556,10,0.735,0.8493,1.0,0.6309,10,0.035,0.8287,1.0,0.6289,15,0.051,15.63,12.82
authzforce_0300.xml,authzforce,1,0.9582,1.0,0.556,10,1.089,0.8493,1.0,0.6309,10,0.034,0.8287,1.0,0.6289,15,0.066,15.63,12.82
authzforce_0301.xml,authzforce,1,0.9582,1.0,0.556,10,0.955,0.8493,1.0,0.6309,10,0.028,0.8287,1.0,0.6289,15,0.061,15.63,12.82
authzforce_0302.xml,authzforce,1,0.9582,1.0,0.556,10,0.807,0.8493,1.0,0.6309,10,0.042,0.8287,1.0,0.6289,15,0.414,15.63,12.82
authzforce_0303.xml,authzforce,1,0.9582,1.0,0.556,10,0.717,0.8493,1.0,0.6309,10,0.033,0.8287,1.0,0.6289,15,0.059,15.63,12.82
authzforce_0304.xml,authzforce,1,0.9582,1.0,0.556,10,0.755,0.8493,1.0,0.6309,10,0.034,0.8287,1.0,0.6289,15,0.055,15.63,12.82
authzforce_0305.xml,authzforce,1,0.9582,1.0,0.556,10,0.697,0.8493,1.0,0.6309,10,0.032,0.8287,1.0,0.6289,15,0.052,15.63,12.82
authzforce_0306.xml,authzforce,1,0.9582,1.0,0.556,10,0.691,0.8493,1.0,0.6309,10,0.036,0.8287,1.0,0.6289,15,0.057,15.63,12.82
authzforce_0307.xml,authzforce,1,0.9582,1.0,0.556,10,0.727,0.8493,1.0,0.6309,10,0.039,0.8287,1.0,0.6289,15,0.055,15.63,12.82
authzforce_0308.xml,authzforce,1,0.9582,1.0,0.556,10,0.707,0.8493,1.0,0.6309,10,0.032,0.8287,1.0,0.6289,15,0.054,15.63,12.82
authzforce_0309.xml,authzforce,1,0.9582,1.0,0.556,10,0.694,0.8493,1.0,0.6309,10,0.034,0.8287,1.0,0.6289,15,0.059,15.63,12.82
authzforce_0310.xml,authzforce,1,0.9582,1.0,0.556,10,0.748,0.8493,1.0,0.6309,10,0.031,0.8287,1.0,0.6289,15,0.068,15.63,12.82
authzforce_0311.xml,authzforce,1,0.9582,1.0,0.556,10,0.756,0.8493,1.0,0.6309,10,0.033,0.8287,1.0,0.6289,15,0.075,15.63,12.82
authzforce_0312.xml,authzforce,1,0.9582,1.0,0.556,10,0.7,0.8493,1.0,0.6309,10,0.034,0.8287,1.0,0.6289,15,0.058,15.63,12.82
authzforce_0313.xml,authzforce,1,0.9582,1.0,0.556,10,0.744,0.8493,1.0,0.6309,10,0.183,0.8287,1.0,0.6289,15,0.124,15.63,12.82
authzforce_0314.xml,authzforce,1,0.9582,1.0,0.556,10,0.81,0.8493,1.0,0.6309,10,0.041,0.8287,1.0,0.6289,15,0.052,15.63,12.82
authzforce_0315.xml,authzforce,1,0.9582,1.0,0.556,10,0.765,0.8493,1.0,0.6309,10,0.033,0.8287,1.0,0.6289,15,0.054,15.63,12.82
authzforce_0316.xml,authzforce,1,0.9582,1.0,0.556,10,0.723,0.8493,1.0,0.6309,10,0.047,0.8287,1.0,0.6289,15,0.075,15.63,12.82
authzforce_0317.xml,authzforce,1,0.9582,1.0,0.556,10,0.96,0.8493,1.0,0.6309,10,0.029,0.8287,1.0,0.6289,15,0.05,15.63,12.82
authzforce_0318.xml,authzforce,1,0.9582,1.0,0.556,10,0.76,0.8493,1.0,0.6309,10,0.033,0.8287,1.0,0.6289,15,0.06,15.63,12.82
authzforce_0319.xml,authzforce,1,0.9582,1.0,0.556,10,0.725,0.8493,1.0,0.6309,10,0.031,0.8287,1.0,0.6289,15,0.057,15.63,12.82
authzforce_0320.xml,authzforce,1,0.9582,1.0,0.556,10,0.72,0.8493,1.0,0.6309,10,0.031,0.8287,1.0,0.6289,15,0.055,15.63,12.82
authzforce_0321.xml,authzforce,1,0.9582,1.0,0.556,10,0.975,0.8493,1.0,0.6309,10,0.029,0.8287,1.0,0.6289,15,0.053,15.63,12.82
authzforce_0322.xml,authzforce,1,0.9582,1.0,0.556,10,0.722,0.8493,1.0,0.6309,10,0.031,0.8287,1.0,0.6289,15,0.062,15.63,12.82
authzforce_0323.xml,authzforce,1,0.9582,1.0,0.556,10,0.928,0.8493,1.0,0.6309,10,0.028,0.8287,1.0,0.6289,15,0.068,15.63,12.82
authzforce_0324.xml,authzforce,1,0.9582,1.0,0.556,10,0.969,0.8493,1.0,0.6309,10,0.044,0.8287,1.0,0.6289,15,0.088,15.63,12.82
authzforce_0325.xml,authzforce,1,0.9582,1.0,0.556,10,0.869,0.8493,1.0,0.6309,10,0.044,0.8287,1.0,0.6289,15,0.073,15.63,12.82
authzforce_0326.xml,authzforce,1,0.9582,1.0,0.556,10,0.875,0.8493,1.0,0.6309,10,0.043,0.8287,1.0,0.6289,15,0.068,15.63,12.82
authzforce_0327.xml,authzforce,1,0.9582,1.0,0.556,10,0.86,0.8493,1.0,0.6309,10,0.04,0.8287,1.0,0.6289,15,0.075,15.63,12.82
authzforce_0328.xml,authzforce,1,0.9582,1.0,0.556,10,0.935,0.8493,1.0,0.6309,10,0.03,0.8287,1.0,0.6289,15,0.049,15.63,12.82
authzforce_0329.xml,authzforce,1,0.9582,1.0,0.556,10,0.699,0.8493,1.0,0.6309,10,0.029,0.8287,1.0,0.6289,15,0.055,15.63,12.82
authzforce_0330.xml,authzforce,1,0.9582,1.0,0.556,10,0.66,0.8493,1.0,0.6309,10,0.032,0.8287,1.0,0.6289,15,0.057,15.63,12.82
authzforce_0331.xml,authzforce,1,0.9582,1.0,0.556,10,0.672,0.8493,1.0,0.6309,10,0.032,0.8287,1.0,0.6289,15,0.058,15.63,12.82
authzforce_0332.xml,authzforce,1,0.9582,1.0,0.556,10,0.925,0.8493,1.0,0.6309,10,0.043,0.8287,1.0,0.6289,15,0.086,15.63,12.82
authzforce_0333.xml,authzforce,1,0.9582,1.0,0.556,10,0.865,0.8493,1.0,0.6309,10,0.044,0.8287,1.0,0.6289,15,0.07,15.63,12.82
authzforce_0334.xml,authzforce,1,0.9582,1.0,0.556,10,1.076,0.8493,1.0,0.6309,10,0.038,0.8287,1.0,0.6289,15,0.08,15.63,12.82
authzforce_0335.xml,authzforce,1,0.9582,1.0,0.556,10,1.06,0.8493,1.0,0.6309,10,0.057,0.8287,1.0,0.6289,15,0.079,15.63,12.82
authzforce_0336.xml,authzforce,1,0.9582,1.0,0.556,10,0.703,0.8493,1.0,0.6309,10,0.032,0.8287,1.0,0.6289,15,0.048,15.63,12.82
authzforce_0337.xml,authzforce,1,0.9582,1.0,0.556,10,0.65,0.8493,1.0,0.6309,10,0.034,0.8287,1.0,0.6289,15,0.051,15.63,12.82
authzforce_0338.xml,authzforce,1,0.9582,1.0,0.556,10,0.625,0.8493,1.0,0.6309,10,0.027,0.8287,1.0,0.6289,15,0.05,15.63,12.82
authzforce_0339.xml,authzforce,1,0.9582,1.0,0.556,10,0.635,0.8493,1.0,0.6309,10,0.028,0.8287,1.0,0.6289,15,0.058,15.63,12.82
authzforce_0340.xml,authzforce,1,0.9582,1.0,0.556,10,0.678,0.8493,1.0,0.6309,10,0.031,0.8287,1.0,0.6289,15,0.045,15.63,12.82
authzforce_0341.xml,authzforce,1,0.9582,1.0,0.556,10,0.669,0.8493,1.0,0.6309,10,0.03,0.8287,1.0,0.6289,15,0.054,15.63,12.82
authzforce_0342.xml,authzforce,1,0.9582,1.0,0.556,10,0.668,0.8493,1.0,0.6309,10,0.03,0.8287,1.0,0.6289,15,0.043,15.63,12.82
authzforce_0343.xml,authzforce,1,0.9582,1.0,0.556,10,0.623,0.8493,1.0,0.6309,10,0.027,0.8287,1.0,0.6289,15,0.046,15.63,12.82
authzforce_0344.xml,authzforce,1,0.9582,1.0,0.556,10,1.009,0.8493,1.0,0.6309,10,0.056,0.8287,1.0,0.6289,15,0.057,15.63,12.82
authzforce_0345.xml,authzforce,1,0.9582,1.0,0.556,10,0.929,0.8493,1.0,0.6309,10,0.039,0.8287,1.0,0.6289,15,0.066,15.63,12.82
authzforce_0346.xml,authzforce,1,0.9582,1.0,0.556,10,0.785,0.8493,1.0,0.6309,10,0.041,0.8287,1.0,0.6289,15,0.059,15.63,12.82
authzforce_0347.xml,authzforce,1,0.9582,1.0,0.556,10,0.754,0.8493,1.0,0.6309,10,0.036,0.8287,1.0,0.6289,15,0.06,15.63,12.82
authzforce_0348.xml,authzforce,1,0.9582,1.0,0.556,10,1.295,0.8493,1.0,0.6309,10,0.039,0.8287,1.0,0.6289,15,0.061,15.63,12.82
authzforce_0349.xml,authzforce,1,0.9582,1.0,0.556,10,0.758,0.8493,1.0,0.6309,10,0.039,0.8287,1.0,0.6289,15,0.09,15.63,12.82
authzforce_0350.xml,authzforce,1,0.9582,1.0,0.556,10,1.146,0.8493,1.0,0.6309,10,0.032,0.8287,1.0,0.6289,15,0.065,15.63,12.82
authzforce_0351.xml,authzforce,1,0.9582,1.0,0.556,10,1.165,0.8493,1.0,0.6309,10,0.048,0.8287,1.0,0.6289,15,0.19,15.63,12.82
authzforce_0352.xml,authzforce,1,0.9582,1.0,0.556,10,0.798,0.8493,1.0,0.6309,10,0.034,0.8287,1.0,0.6289,15,0.058,15.63,12.82
authzforce_0353.xml,authzforce,1,0.9582,1.0,0.556,10,0.734,0.8493,1.0,0.6309,10,0.031,0.8287,1.0,0.6289,15,0.067,15.63,12.82
authzforce_0354.xml,authzforce,1,0.9582,1.0,0.556,10,0.661,0.8493,1.0,0.6309,10,0.037,0.8287,1.0,0.6289,15,0.047,15.63,12.82
authzforce_0355.xml,authzforce,1,0.9582,1.0,0.556,10,0.673,0.8493,1.0,0.6309,10,0.028,0.8287,1.0,0.6289,15,0.05,15.63,12.82
authzforce_0356.xml,authzforce,1,0.9582,1.0,0.556,10,0.674,0.8493,1.0,0.6309,10,0.032,0.8287,1.0,0.6289,15,0.053,15.63,12.82
authzforce_0357.xml,authzforce,1,0.9582,1.0,0.556,10,0.661,0.8493,1.0,0.6309,10,0.028,0.8287,1.0,0.6289,15,0.048,15.63,12.82
authzforce_0358.xml,authzforce,1,0.9582,1.0,0.556,10,0.684,0.8493,1.0,0.6309,10,0.03,0.8287,1.0,0.6289,15,0.05,15.63,12.82
authzforce_0359.xml,authzforce,1,0.9582,1.0,0.556,10,0.686,0.8493,1.0,0.6309,10,0.027,0.8287,1.0,0.6289,15,0.055,15.63,12.82
authzforce_0360.xml,authzforce,1,0.9582,1.0,0.556,10,0.642,0.8493,1.0,0.6309,10,0.03,0.8287,1.0,0.6289,15,0.058,15.63,12.82
authzforce_0361.xml,authzforce,1,0.9582,1.0,0.556,10,0.661,0.8493,1.0,0.6309,10,0.03,0.8287,1.0,0.6289,15,0.054,15.63,12.82
authzforce_0362.xml,authzforce,1,0.9582,1.0,0.556,10,0.658,0.8493,1.0,0.6309,10,0.028,0.8287,1.0,0.6289,15,0.057,15.63,12.82
authzforce_0363.xml,authzforce,1,0.9582,1.0,0.556,10,0.682,0.8493,1.0,0.6309,10,0.072,0.8287,1.0,0.6289,15,0.114,15.63,12.82
authzforce_0364.xml,authzforce,1,0.9582,1.0,0.556,10,0.745,0.8493,1.0,0.6309,10,0.037,0.8287,1.0,0.6289,15,0.055,15.63,12.82
authzforce_0365.xml,authzforce,1,0.9582,1.0,0.556,10,0.858,0.8493,1.0,0.6309,10,0.027,0.8287,1.0,0.6289,15,0.045,15.63,12.82
authzforce_0366.xml,authzforce,1,0.9582,1.0,0.556,10,0.692,0.8493,1.0,0.6309,10,0.032,0.8287,1.0,0.6289,15,0.048,15.63,12.82
authzforce_0367.xml,authzforce,1,0.9582,1.0,0.556,10,0.678,0.8493,1.0,0.6309,10,0.034,0.8287,1.0,0.6289,15,0.052,15.63,12.82
authzforce_0368.xml,authzforce,1,0.9582,1.0,0.556,10,0.659,0.8493,1.0,0.6309,10,0.032,0.8287,1.0,0.6289,15,0.052,15.63,12.82
authzforce_0369.xml,authzforce,1,0.9582,1.0,0.556,10,0.717,0.8493,1.0,0.6309,10,0.057,0.8287,1.0,0.6289,15,0.195,15.63,12.82
authzforce_0370.xml,authzforce,2,0.9406,1.0,0.9436,9,1.032,0.9394,1.0,0.9445,11,0.035,0.9236,1.0,0.9454,15,0.063,1.84,0.13
authzforce_0371.xml,authzforce,4,0.9513,1.0,0.9909,11,1.438,0.9583,1.0,0.9808,9,0.101,0.9373,1.0,0.9912,15,0.143,1.49,-0.73
authzforce_0372.xml,authzforce,2,0.9406,1.0,0.9436,9,0.593,0.9394,1.0,0.9445,11,0.035,0.9236,1.0,0.9454,15,0.069,1.84,0.13
authzforce_0373.xml,authzforce,3,0.9555,1.0,0.9223,9,1.084,0.9485,1.0,0.9216,7,0.069,0.9167,1.0,0.9224,15,0.112,4.23,0.74
authzforce_0374.xml,authzforce,2,0.9398,1.0,0.9464,10,0.568,0.9394,1.0,0.9445,11,0.036,0.9236,1.0,0.9454,15,0.07,1.75,0.04
authzforce_0375.xml,authzforce,4,0.9593,1.0,0.9729,9,1.669,0.9559,1.0,0.9995,11,0.076,0.94,1.0,1.0,15,0.116,2.05,0.36
authzforce_0376.xml,authzforce,2,0.9398,1.0,0.9464,10,0.533,0.9394,1.0,0.9445,11,0.033,0.9236,1.0,0.9454,15,0.082,1.75,0.04
authzforce_0377.xml,authzforce,3,0.949,1.0,0.9152,8,2.432,0.9485,1.0,0.9216,7,0.082,0.9167,1.0,0.9224,15,0.107,3.52,0.05
authzforce_0378.xml,authzforce,4,0.966,1.0,0.8194,8,1.823,0.91,1.0,0.82,9,0.073,0.8861,1.0,0.8203,15,0.103,9.02,6.15
authzforce_0379.xml,authzforce,4,0.9537,1.0,1.0,9,1.514,0.9559,1.0,0.9995,11,0.084,0.94,1.0,1.0,15,0.135,1.46,-0.23
authzforce_0380.xml,authzforce,2,0.9406,1.0,0.9436,9,0.755,0.9394,1.0,0.9445,11,0.045,0.9236,1.0,0.9454,15,0.067,1.84,0.13
authzforce_0381.xml,authzforce,3,0.9528,1.0,0.9878,10,1.098,0.9552,1.0,0.9975,11,0.057,0.9396,1.0,0.9987,15,0.097,1.4,-0.25
authzforce_0382.xml,authzforce,4,0.9562,1.0,0.8069,10,2.347,0.91,1.0,0.82,9,0.073,0.8861,1.0,0.8203,15,0.128,7.91,5.08
authzforce_0383.xml,authzforce,3,0.949,1.0,0.9152,8,1.353,0.9485,1.0,0.9216,7,0.065,0.9167,1.0,0.9224,15,0.115,3.52,0.05
authzforce_0384.xml,authzforce,2,0.9398,1.0,0.9464,10,0.59,0.9394,1.0,0.9445,11,0.029,0.9236,1.0,0.9454,15,0.066,1.75,0.04
authzforce_0385.xml,authzforce,3,0.9632,1.0,0.9962,9,1.257,0.9552,1.0,0.9975,11,0.056,0.9396,1.0,0.9987,15,0.096,2.51,0.84
authzforce_0386.xml,authzforce,2,0.9406,1.0,0.9436,9,0.531,0.9394,1.0,0.9445,11,0.049,0.9236,1.0,0.9454,15,0.076,1.84,0.13
authzforce_0387.xml,authzforce,4,0.9573,1.0,0.9851,10,1.184,0.9559,1.0,0.9995,11,0.094,0.94,1.0,1.0,15,0.094,1.84,0.15
authzforce_0388.xml,authzforce,2,0.9406,1.0,0.9436,9,0.547,0.9394,1.0,0.9445,11,0.043,0.9236,1.0,0.9454,15,0.078,1.84,0.13
authzforce_0389.xml,authzforce,3,0.9555,1.0,0.9223,9,1.196,0.9485,1.0,0.9216,7,0.067,0.9167,1.0,0.9224,15,0.101,4.23,0.74
authzforce_0390.xml,authzforce,2,0.9398,1.0,0.9464,10,0.469,0.9394,1.0,0.9445,11,0.032,0.9236,1.0,0.9454,15,0.052,1.75,0.04
authzforce_0391.xml,authzforce,4,0.9607,1.0,0.9729,9,1.166,0.9559,1.0,0.9995,11,0.069,0.94,1.0,1.0,15,0.402,2.2,0.5
authzforce_0392.xml,authzforce,2,0.9398,1.0,0.9464,10,0.62,0.9394,1.0,0.9445,11,0.036,0.9236,1.0,0.9454,15,0.088,1.75,0.04
authzforce_0393.xml,authzforce,3,0.949,1.0,0.9152,8,1.507,0.9485,1.0,0.9216,7,0.064,0.9167,1.0,0.9224,15,0.111,3.52,0.05
authzforce_0394.xml,authzforce,2,0.9219,1.0,0.9436,9,0.792,0.9394,1.0,0.9445,11,0.04,0.9236,1.0,0.9454,15,0.084,-0.18,-1.86
authzforce_0395.xml,authzforce,4,0.9607,1.0,0.9729,9,1.934,0.9559,1.0,0.9995,11,0.071,0.94,1.0,1.0,15,0.12,2.2,0.5
authzforce_0396.xml,authzforce,4,0.9607,1.0,0.9729,9,2.712,0.9559,1.0,0.9995,11,0.117,0.94,1.0,1.0,15,0.167,2.2,0.5
authzforce_0397.xml,authzforce,4,0.9607,1.0,0.9729,9,1.93,0.9559,1.0,0.9995,11,0.071,0.94,1.0,1.0,15,0.14,2.2,0.5
authzforce_0398.xml,authzforce,4,0.959,1.0,0.9915,9,1.566,0.9583,1.0,0.9808,9,0.08,0.9373,1.0,0.9912,15,0.116,2.32,0.07
authzforce_0399.xml,authzforce,2,0.9406,1.0,0.9436,9,0.506,0.9394,1.0,0.9445,11,0.04,0.9236,1.0,0.9454,15,0.065,1.84,0.13
authzforce_0400.xml,authzforce,5,0.9638,1.0,0.9654,9,1.513,0.9517,1.0,0.9725,10,0.101,0.9317,1.0,0.9725,15,0.295,3.45,1.27
authzforce_0401.xml,authzforce,5,0.961,1.0,0.9703,9,1.544,0.9517,1.0,0.9725,10,0.104,0.9317,1.0,0.9725,15,0.148,3.14,0.98
authzforce_0402.xml,authzforce,2,0.9406,1.0,0.9436,9,0.507,0.9394,1.0,0.9445,11,0.034,0.9236,1.0,0.9454,15,0.06,1.84,0.13
authzforce_0403.xml,authzforce,3,0.9555,1.0,0.9223,9,0.897,0.9485,1.0,0.9216,7,0.053,0.9167,1.0,0.9224,15,0.088,4.23,0.74
authzforce_0404.xml,authzforce,2,0.9398,1.0,0.9464,10,0.503,0.9394,1.0,0.9445,11,0.038,0.9236,1.0,0.9454,15,0.064,1.75,0.04
authzforce_0405.xml,authzforce,5,0.9504,1.0,0.9829,9,1.587,0.9582,1.0,0.994,10,0.132,0.9382,1.0,0.994,15,0.202,1.3,-0.81
authzforce_0406.xml,authzforce,5,0.9609,1.0,0.9829,9,1.848,0.9582,1.0,0.994,10,0.083,0.9382,1.0,0.994,15,0.125,2.42,0.28
authzforce_0407.xml,authzforce,2,0.9398,1.0,0.9464,10,0.491,0.9394,1.0,0.9445,11,0.037,0.9236,1.0,0.9454,15,0.056,1.75,0.04
authzforce_0408.xml,authzforce,3,0.949,1.0,0.9152,8,1.137,0.9485,1.0,0.9216,7,0.056,0.9167,1.0,0.9224,15,0.108,3.52,0.05
authzforce_0409.xml,authzforce,5,0.957,1.0,0.9372,10,1.193,0.9373,1.0,0.9377,11,0.086,0.9214,1.0,0.938,15,0.13,3.86,2.1
authzforce_0410.xml,authzforce,5,0.9565,1.0,0.9224,10,1.247,0.9373,1.0,0.9377,11,0.159,0.9214,1.0,0.938,15,0.154,3.81,2.05
authzforce_0411.xml,authzforce,4,0.9537,1.0,1.0,9,0.952,0.9559,1.0,0.9995,11,0.061,0.94,1.0,1.0,15,0.09,1.46,-0.23
authzforce_0412.xml,authzforce,2,0.9406,1.0,0.9436,9,0.58,0.9394,1.0,0.9445,11,0.04,0.9236,1.0,0.9454,15,0.055,1.84,0.13
authzforce_0413.xml,authzforce,3,0.9528,1.0,0.9878,10,1.207,0.9552,1.0,0.9975,11,0.064,0.9396,1.0,0.9987,15,0.09,1.4,-0.25
authzforce_0414.xml,authzforce,5,0.9585,1.0,0.9373,9,1.508,0.9373,1.0,0.9377,11,0.084,0.9214,1.0,0.938,15,0.125,4.03,2.26
authzforce_0415.xml,authzforce,5,0.961,1.0,0.9373,9,1.208,0.9373,1.0,0.9377,11,0.084,0.9214,1.0,0.938,15,0.158,4.3,2.53
authzforce_0416.xml,authzforce,3,0.949,1.0,0.9152,8,1.028,0.9485,1.0,0.9216,7,0.045,0.9167,1.0,0.9224,15,0.076,3.52,0.05
authzforce_0417.xml,authzforce,2,0.9398,1.0,0.9464,10,0.421,0.9394,1.0,0.9445,11,0.028,0.9236,1.0,0.9454,15,0.052,1.75,0.04
authzforce_0418.xml,authzforce,3,0.9632,1.0,0.9962,9,0.886,0.9552,1.0,0.9975,11,0.05,0.9396,1.0,0.9987,15,0.076,2.51,0.84
authzforce_0419.xml,authzforce,4,0.959,1.0,0.9915,9,0.984,0.9583,1.0,0.9808,9,0.064,0.9373,1.0,0.9912,15,0.101,2.32,0.07
authzforce_0420.xml,authzforce,5,0.962,1.0,0.9987,9,1.135,0.9596,1.0,0.9986,10,0.099,0.9396,1.0,0.9986,15,0.134,2.38,0.25
authzforce_0421.xml,authzforce,4,0.9613,1.0,0.9851,8,0.936,0.9583,1.0,0.9808,9,0.065,0.9373,1.0,0.9912,15,0.102,2.56,0.31
authzforce_0422.xml,authzforce,5,0.9693,1.0,0.9992,7,1.022,0.9596,1.0,0.9986,10,0.086,0.9396,1.0,0.9986,15,0.132,3.16,1.01
authzforce_0423.xml,authzforce,4,0.9364,1.0,0.9713,10,1.004,0.9583,1.0,0.9808,9,0.067,0.9351,1.0,0.9835,15,0.101,0.14,-2.29
authzforce_0424.xml,authzforce,5,0.9506,1.0,0.9987,9,1.073,0.9596,1.0,0.9986,10,0.095,0.9396,1.0,0.9986,15,0.143,1.17,-0.94
authzforce_0425.xml,authzforce,4,0.9536,1.0,0.9822,11,1.021,0.9583,1.0,0.9808,9,0.145,0.9351,1.0,0.9835,15,0.106,1.98,-0.49
authzforce_0426.xml,authzforce,5,0.94,1.0,0.9754,9,1.115,0.9596,1.0,0.9986,10,0.088,0.9396,1.0,0.9986,15,0.135,0.04,-2.04
authzforce_0427.xml,authzforce,1,0.8154,1.0,0.0,9,0.157,0.672,1.0,0.0,7,0.007,0.64,1.0,0.0,15,0.021,27.41,21.34
authzforce_0428.xml,authzforce,1,0.9582,1.0,0.556,10,0.602,0.8493,1.0,0.6309,10,0.028,0.8287,1.0,0.6289,15,0.045,15.63,12.82
authzforce_0430.xml,authzforce,1,0.8154,1.0,0.0,9,0.143,0.672,1.0,0.0,7,0.007,0.64,1.0,0.0,15,0.022,27.41,21.34
authzforce_0431.xml,authzforce,1,0.9582,1.0,0.556,10,0.625,0.8493,1.0,0.6309,10,0.028,0.8287,1.0,0.6289,15,0.045,15.63,12.82
authzforce_0433.xml,authzforce,1,0.8154,1.0,0.0,9,0.407,0.672,1.0,0.0,7,0.006,0.64,1.0,0.0,15,0.024,27.41,21.34
authzforce_0434.xml,authzforce,1,0.8154,1.0,0.0,9,0.145,0.672,1.0,0.0,7,0.007,0.64,1.0,0.0,15,0.02,27.41,21.34
authzforce_0436.xml,authzforce,1,0.8469,1.0,0.0,9,0.12,0.672,1.0,0.0,7,0.006,0.64,1.0,0.0,15,0.018,32.33,26.03
authzforce_0437.xml,authzforce,1,0.8469,1.0,0.0,9,0.13,0.672,1.0,0.0,7,0.006,0.64,1.0,0.0,15,0.018,32.33,26.03
authzforce_0438.xml,authzforce,2,0.9398,1.0,0.9464,10,0.413,0.9394,1.0,0.9445,11,0.029,0.9236,1.0,0.9454,15,0.049,1.75,0.04
authzforce_0439.xml,authzforce,2,0.9406,1.0,0.9436,9,0.426,0.9394,1.0,0.9445,11,0.029,0.9236,1.0,0.9454,15,0.06,1.84,0.13
authzforce_0440.xml,authzforce,4,0.9513,1.0,0.9909,11,1.005,0.9583,1.0,0.9808,9,0.066,0.9373,1.0,0.9912,15,0.104,1.49,-0.73
authzforce_0441.xml,authzforce,2,0.9406,1.0,0.9436,9,0.443,0.9394,1.0,0.9445,11,0.028,0.9236,1.0,0.9454,15,0.053,1.84,0.13
authzforce_0442.xml,authzforce,3,0.9555,1.0,0.9223,9,0.743,0.9485,1.0,0.9216,7,0.047,0.9167,1.0,0.9224,15,0.074,4.23,0.74
authzforce_0443.xml,authzforce,4,0.966,1.0,0.8194,8,1.169,0.91,1.0,0.82,9,0.048,0.8861,1.0,0.8203,15,0.083,9.02,6.15
authzforce_0444.xml,authzforce,4,0.9537,1.0,1.0,9,0.775,0.9559,1.0,0.9995,11,0.052,0.94,1.0,1.0,15,0.079,1.46,-0.23
authzforce_0445.xml,authzforce,2,0.9406,1.0,0.9436,9,0.436,0.9394,1.0,0.9445,11,0.028,0.9236,1.0,0.9454,15,0.053,1.84,0.13
authzforce_0446.xml,authzforce,3,0.9528,1.0,0.9878,10,0.887,0.9552,1.0,0.9975,11,0.051,0.9396,1.0,0.9987,15,0.075,1.4,-0.25
authzforce_0447.xml,authzforce,2,0.9406,1.0,0.9436,9,0.444,0.9394,1.0,0.9445,11,0.029,0.9236,1.0,0.9454,15,0.052,1.84,0.13
authzforce_0448.xml,authzforce,4,0.9573,1.0,0.9851,10,0.899,0.9559,1.0,0.9995,11,0.05,0.94,1.0,1.0,15,0.077,1.84,0.15
authzforce_0449.xml,authzforce,2,0.9406,1.0,0.9436,9,0.461,0.9394,1.0,0.9445,11,0.029,0.9236,1.0,0.9454,15,0.052,1.84,0.13
authzforce_0450.xml,authzforce,3,0.9555,1.0,0.9223,9,0.756,0.9485,1.0,0.9216,7,0.047,0.9167,1.0,0.9224,15,0.076,4.23,0.74
authzforce_0451.xml,authzforce,2,0.9398,1.0,0.9464,10,0.412,0.9394,1.0,0.9445,11,0.029,0.9236,1.0,0.9454,15,0.049,1.75,0.04
authzforce_0452.xml,authzforce,3,0.949,1.0,0.9152,8,0.894,0.9485,1.0,0.9216,7,0.046,0.9167,1.0,0.9224,15,0.075,3.52,0.05
authzforce_0453.xml,authzforce,2,0.9398,1.0,0.9464,10,0.407,0.9394,1.0,0.9445,11,0.028,0.9236,1.0,0.9454,15,0.049,1.75,0.04
authzforce_0454.xml,authzforce,3,0.949,1.0,0.9152,8,0.9,0.9485,1.0,0.9216,7,0.045,0.9167,1.0,0.9224,15,0.075,3.52,0.05
authzforce_0455.xml,authzforce,4,0.9562,1.0,0.8069,10,1.006,0.91,1.0,0.82,9,0.05,0.8861,1.0,0.8203,15,0.094,7.91,5.08
authzforce_0456.xml,authzforce,3,0.949,1.0,0.9152,8,0.902,0.9485,1.0,0.9216,7,0.048,0.9167,1.0,0.9224,15,0.076,3.52,0.05
authzforce_0457.xml,authzforce,2,0.9398,1.0,0.9464,10,0.424,0.9394,1.0,0.9445,11,0.034,0.9236,1.0,0.9454,15,0.049,1.75,0.04
authzforce_0458.xml,authzforce,3,0.9632,1.0,0.9962,9,0.895,0.9552,1.0,0.9975,11,0.05,0.9396,1.0,0.9987,15,0.075,2.51,0.84
authzforce_0459.xml,authzforce,2,0.9398,1.0,0.9464,10,0.432,0.9394,1.0,0.9445,11,0.029,0.9236,1.0,0.9454,15,0.049,1.75,0.04
authzforce_0460.xml,authzforce,4,0.9607,1.0,0.9729,9,1.004,0.9559,1.0,0.9995,11,0.06,0.94,1.0,1.0,15,0.08,2.2,0.5
authzforce_0461.xml,authzforce,2,0.9398,1.0,0.9464,10,0.418,0.9394,1.0,0.9445,11,0.029,0.9236,1.0,0.9454,15,0.052,1.75,0.04
authzforce_0462.xml,authzforce,3,0.949,1.0,0.9152,8,0.942,0.9485,1.0,0.9216,7,0.047,0.9167,1.0,0.9224,15,0.077,3.52,0.05
authzforce_0463.xml,authzforce,2,0.9219,1.0,0.9436,9,0.486,0.9394,1.0,0.9445,11,0.033,0.9236,1.0,0.9454,15,0.05,-0.18,-1.86
authzforce_0464.xml,authzforce,4,0.9607,1.0,0.9729,9,1.031,0.9559,1.0,0.9995,11,0.051,0.94,1.0,1.0,15,0.079,2.2,0.5
authzforce_0465.xml,authzforce,4,0.9607,1.0,0.9729,9,1.004,0.9559,1.0,0.9995,11,0.052,0.94,1.0,1.0,15,0.08,2.2,0.5
authzforce_0466.xml,authzforce,4,0.9607,1.0,0.9729,9,1.012,0.9559,1.0,0.9995,11,0.051,0.94,1.0,1.0,15,0.08,2.2,0.5
authzforce_0467.xml,authzforce,2,0.9406,1.0,0.9436,9,0.45,0.9394,1.0,0.9445,11,0.028,0.9236,1.0,0.9454,15,0.053,1.84,0.13
authzforce_0468.xml,authzforce,4,0.9513,1.0,0.9909,11,1.005,0.9583,1.0,0.9808,9,0.067,0.9373,1.0,0.9912,15,0.104,1.49,-0.73
authzforce_0469.xml,authzforce,2,0.9406,1.0,0.9436,9,0.438,0.9394,1.0,0.9445,11,0.03,0.9236,1.0,0.9454,15,0.05,1.84,0.13
authzforce_0470.xml,authzforce,3,0.9555,1.0,0.9223,9,0.748,0.9485,1.0,0.9216,7,0.057,0.9167,1.0,0.9224,15,0.084,4.23,0.74
authzforce_0471.xml,authzforce,4,0.966,1.0,0.8194,8,1.173,0.91,1.0,0.82,9,0.048,0.8861,1.0,0.8203,15,0.079,9.02,6.15
authzforce_0472.xml,authzforce,4,0.9537,1.0,1.0,9,0.799,0.9559,1.0,0.9995,11,0.059,0.94,1.0,1.0,15,0.082,1.46,-0.23
authzforce_0473.xml,authzforce,2,0.9406,1.0,0.9436,9,0.437,0.9394,1.0,0.9445,11,0.03,0.9236,1.0,0.9454,15,0.05,1.84,0.13
authzforce_0474.xml,authzforce,3,0.9528,1.0,0.9878,10,1.089,0.9552,1.0,0.9975,11,0.049,0.9396,1.0,0.9987,15,0.075,1.4,-0.25
authzforce_0475.xml,authzforce,2,0.9406,1.0,0.9436,9,0.432,0.9394,1.0,0.9445,11,0.028,0.9236,1.0,0.9454,15,0.049,1.84,0.13
authzforce_0476.xml,authzforce,4,0.9573,1.0,0.9851,10,0.894,0.9559,1.0,0.9995,11,0.051,0.94,1.0,1.0,15,0.077,1.84,0.15
authzforce_0477.xml,authzforce,2,0.9406,1.0,0.9436,9,0.437,0.9394,1.0,0.9445,11,0.033,0.9236,1.0,0.9454,15,0.049,1.84,0.13
authzforce_0478.xml,authzforce,3,0.9555,1.0,0.9223,9,0.734,0.9485,1.0,0.9216,7,0.047,0.9167,1.0,0.9224,15,0.075,4.23,0.74
authzforce_0479.xml,authzforce,2,0.9398,1.0,0.9464,10,0.399,0.9394,1.0,0.9445,11,0.03,0.9236,1.0,0.9454,15,0.05,1.75,0.04
authzforce_0480.xml,authzforce,3,0.949,1.0,0.9152,8,0.903,0.9485,1.0,0.9216,7,0.046,0.9167,1.0,0.9224,15,0.083,3.52,0.05
authzforce_0481.xml,authzforce,2,0.9398,1.0,0.9464,10,0.403,0.9394,1.0,0.9445,11,0.029,0.9236,1.0,0.9454,15,0.052,1.75,0.04
authzforce_0482.xml,authzforce,3,0.949,1.0,0.9152,8,0.884,0.9485,1.0,0.9216,7,0.048,0.9167,1.0,0.9224,15,0.078,3.52,0.05
authzforce_0483.xml,authzforce,4,0.9562,1.0,0.8069,10,0.976,0.91,1.0,0.82,9,0.048,0.8861,1.0,0.8203,15,0.077,7.91,5.08
authzforce_0484.xml,authzforce,3,0.949,1.0,0.9152,8,0.896,0.9485,1.0,0.9216,7,0.046,0.9167,1.0,0.9224,15,0.074,3.52,0.05
authzforce_0485.xml,authzforce,2,0.9398,1.0,0.9464,10,0.399,0.9394,1.0,0.9445,11,0.03,0.9236,1.0,0.9454,15,0.05,1.75,0.04
authzforce_0486.xml,authzforce,3,0.9632,1.0,0.9962,9,0.877,0.9552,1.0,0.9975,11,0.049,0.9396,1.0,0.9987,15,0.075,2.51,0.84
authzforce_0487.xml,authzforce,2,0.9398,1.0,0.9464,10,0.408,0.9394,1.0,0.9445,11,0.028,0.9236,1.0,0.9454,15,0.048,1.75,0.04
authzforce_0488.xml,authzforce,4,0.9607,1.0,0.9729,9,0.967,0.9559,1.0,0.9995,11,0.052,0.94,1.0,1.0,15,0.079,2.2,0.5
authzforce_0489.xml,authzforce,2,0.9398,1.0,0.9464,10,0.415,0.9394,1.0,0.9445,11,0.028,0.9236,1.0,0.9454,15,0.051,1.75,0.04
authzforce_0490.xml,authzforce,3,0.949,1.0,0.9152,8,0.883,0.9485,1.0,0.9216,7,0.045,0.9167,1.0,0.9224,15,0.077,3.52,0.05
authzforce_0491.xml,authzforce,2,0.9219,1.0,0.9436,9,0.455,0.9394,1.0,0.9445,11,0.029,0.9236,1.0,0.9454,15,0.048,-0.18,-1.86
authzforce_0492.xml,authzforce,4,0.9607,1.0,0.9729,9,0.996,0.9559,1.0,0.9995,11,0.055,0.94,1.0,1.0,15,0.079,2.2,0.5
authzforce_0493.xml,authzforce,4,0.9607,1.0,0.9729,9,0.975,0.9559,1.0,0.9995,11,0.053,0.94,1.0,1.0,15,0.077,2.2,0.5
authzforce_0494.xml,authzforce,4,0.9607,1.0,0.9729,9,1.067,0.9559,1.0,0.9995,11,0.053,0.94,1.0,1.0,15,0.081,2.2,0.5
authzforce_0495.xml,authzforce,2,0.9406,1.0,0.9436,9,0.437,0.9394,1.0,0.9445,11,0.029,0.9236,1.0,0.9454,15,0.051,1.84,0.13
authzforce_0496.xml,authzforce,1,0.9582,1.0,0.556,10,0.584,0.8493,1.0,0.6309,10,0.027,0.8287,1.0,0.6289,15,0.045,15.63,12.82
authzforce_0497.xml,authzforce,1,0.8154,1.0,0.0,9,0.189,0.672,1.0,0.0,7,0.006,0.64,1.0,0.0,15,0.021,27.41,21.34
authzforce_0498.xml,authzforce,1,0.9582,1.0,0.556,10,0.583,0.8493,1.0,0.6309,10,0.027,0.8287,1.0,0.6289,15,0.044,15.63,12.82
authzforce_0499.xml,authzforce,1,0.9582,1.0,0.556,10,0.588,0.8493,1.0,0.6309,10,0.027,0.8287,1.0,0.6289,15,0.048,15.63,12.82
authzforce_0500.xml,authzforce,1,0.9582,1.0,0.556,10,0.587,0.8493,1.0,0.6309,10,0.028,0.8287,1.0,0.6289,15,0.045,15.63,12.82
authzforce_0501.xml,authzforce,2,0.9406,1.0,0.9436,9,0.437,0.9394,1.0,0.9445,11,0.031,0.9236,1.0,0.9454,15,0.05,1.84,0.13
authzforce_0502.xml,authzforce,2,0.9406,1.0,0.9436,9,0.44,0.9394,1.0,0.9445,11,0.029,0.9236,1.0,0.9454,15,0.049,1.84,0.13
authzforce_0503.xml,authzforce,1,0.8154,1.0,0.0,9,0.217,0.672,1.0,0.0,7,0.006,0.64,1.0,0.0,15,0.021,27.41,21.34
authzforce_0504.xml,authzforce,1,0.7965,1.0,0.0,9,0.399,0.672,1.0,0.0,7,0.006,0.64,1.0,0.0,15,0.02,24.45,18.53
authzforce_0505.xml,authzforce,1,0.9223,1.0,0.6126,10,0.597,0.8493,1.0,0.6309,10,0.028,0.8287,1.0,0.6289,15,0.048,11.29,8.6
authzforce_0506.xml,authzforce,1,0.9223,1.0,0.6126,10,0.586,0.8493,1.0,0.6309,10,0.028,0.8287,1.0,0.6289,15,0.047,11.29,8.6
authzforce_0507.xml,authzforce,1,0.7965,1.0,0.0,9,0.202,0.672,1.0,0.0,7,0.006,0.64,1.0,0.0,15,0.021,24.45,18.53
authzforce_0508.xml,authzforce,1,0.8154,1.0,0.0,9,0.225,0.672,1.0,0.0,7,0.007,0.64,1.0,0.0,15,0.02,27.41,21.34
authzforce_0509.xml,authzforce,1,0.9223,1.0,0.6126,10,0.611,0.8493,1.0,0.6309,10,0.029,0.8287,1.0,0.6289,15,0.047,11.29,8.6
authzforce_0510.xml,authzforce,1,0.9582,1.0,0.556,10,0.592,0.8493,1.0,0.6309,10,0.028,0.8287,1.0,0.6289,15,0.045,15.63,12.82
authzforce_0511.xml,authzforce,1,0.8154,1.0,0.0,9,0.186,0.672,1.0,0.0,7,0.007,0.64,1.0,0.0,15,0.02,27.41,21.34
authzforce_0512.xml,authzforce,1,0.8154,1.0,0.0,9,0.202,0.672,1.0,0.0,7,0.006,0.64,1.0,0.0,15,0.02,27.41,21.34
authzforce_0513.xml,authzforce,5,0.9504,1.0,0.9829,9,1.009,0.9582,1.0,0.994,10,0.074,0.9382,1.0,0.994,15,0.106,1.3,-0.81
authzforce_0514.xml,authzforce,7,0.9649,1.0,0.9979,8,1.081,0.9598,1.0,0.9992,10,0.093,0.9398,1.0,0.9992,15,0.134,2.67,0.53
authzforce_0515.xml,authzforce,1,0.9582,1.0,0.556,10,0.611,0.8493,1.0,0.6309,10,0.027,0.8287,1.0,0.6289,15,0.045,15.63,12.82
authzforce_0516.xml,authzforce,1,0.9582,1.0,0.556,10,0.587,0.8493,1.0,0.6309,10,0.028,0.8287,1.0,0.6289,15,0.044,15.63,12.82
authzforce_0517.xml,authzforce,1,0.8154,1.0,0.0,9,0.177,0.672,1.0,0.0,7,0.007,0.64,1.0,0.0,15,0.02,27.41,21.34
authzforce_0518.xml,authzforce,1,0.8154,1.0,0.0,9,0.159,0.672,1.0,0.0,7,0.006,0.64,1.0,0.0,15,0.02,27.41,21.34
authzforce_0519.xml,authzforce,1,0.9582,1.0,0.556,10,0.578,0.8493,1.0,0.6309,10,0.028,0.8287,1.0,0.6289,15,0.043,15.63,12.82
authzforce_0520.xml,authzforce,1,0.8154,1.0,0.0,9,0.161,0.672,1.0,0.0,7,0.007,0.64,1.0,0.0,15,0.021,27.41,21.34
authzforce_0521.xml,authzforce,1,0.9582,1.0,0.556,10,0.584,0.8493,1.0,0.6309,10,0.031,0.8287,1.0,0.6289,15,0.045,15.63,12.82
authzforce_0522.xml,authzforce,1,0.7965,1.0,0.0,9,0.205,0.672,1.0,0.0,7,0.007,0.64,1.0,0.0,15,0.02,24.45,18.53
authzforce_0523.xml,authzforce,2,0.8313,1.0,0.6309,9,0.21,0.8453,1.0,0.6309,11,0.009,0.8293,1.0,0.6309,15,0.024,0.24,-1.66
authzforce_0524.xml,authzforce,1,0.8154,1.0,0.0,9,0.201,0.672,1.0,0.0,7,0.007,0.64,1.0,0.0,15,0.02,27.41,21.34
authzforce_0525.xml,authzforce,1,0.8154,1.0,0.0,9,0.179,0.672,1.0,0.0,7,0.006,0.64,1.0,0.0,15,0.023,27.41,21.34
authzforce_0526.xml,authzforce,1,0.9582,1.0,0.556,10,0.589,0.8493,1.0,0.6309,10,0.028,0.8287,1.0,0.6289,15,0.047,15.63,12.82
authzforce_0527.xml,authzforce,1,0.9582,1.0,0.556,10,0.58,0.8493,1.0,0.6309,10,0.027,0.8287,1.0,0.6289,15,0.043,15.63,12.82
authzforce_0528.xml,authzforce,1,0.9582,1.0,0.556,10,0.587,0.8493,1.0,0.6309,10,0.027,0.8287,1.0,0.6289,15,0.044,15.63,12.82
authzforce_0529.xml,authzforce,1,0.9582,1.0,0.556,10,0.591,0.8493,1.0,0.6309,10,0.027,0.8287,1.0,0.6289,15,0.044,15.63,12.82
authzforce_0530.xml,authzforce,1,0.9582,1.0,0.556,10,0.601,0.8493,1.0,0.6309,10,0.028,0.8287,1.0,0.6289,15,0.046,15.63,12.82
authzforce_0531.xml,authzforce,3,0.9605,1.0,0.343,8,1.032,0.8268,1.0,0.556,10,0.03,0.7846,1.0,0.4822,15,0.054,22.42,16.17
authzforce_0533.xml,authzforce,1,0.8154,1.0,0.0,9,0.149,0.672,1.0,0.0,7,0.006,0.64,1.0,0.0,15,0.02,27.41,21.34
authzforce_0534.xml,authzforce,1,0.8154,1.0,0.0,9,0.188,0.672,1.0,0.0,7,0.006,0.64,1.0,0.0,15,0.02,27.41,21.34
authzforce_0535.xml,authzforce,1,0.7965,1.0,0.0,9,0.172,0.672,1.0,0.0,7,0.006,0.64,1.0,0.0,15,0.021,24.45,18.53
authzforce_0536.xml,authzforce,1,0.8154,1.0,0.0,9,0.175,0.672,1.0,0.0,7,0.007,0.64,1.0,0.0,15,0.022,27.41,21.34
authzforce_0537.xml,authzforce,1,0.8154,1.0,0.0,9,0.17,0.672,1.0,0.0,7,0.007,0.64,1.0,0.0,15,0.02,27.41,21.34
authzforce_0538.xml,authzforce,1,0.8154,1.0,0.0,9,0.169,0.672,1.0,0.0,7,0.007,0.64,1.0,0.0,15,0.02,27.41,21.34
authzforce_0540.xml,authzforce,2,0.9406,1.0,0.9436,9,0.432,0.9394,1.0,0.9445,11,0.028,0.9236,1.0,0.9454,15,0.048,1.84,0.13
authzforce_0541.xml,authzforce,6,0.8638,1.0,0.0,6,0.351,0.656,1.0,0.0,11,0.018,0.64,1.0,0.0,15,0.031,34.97,31.68
authzforce_0542.xml,authzforce,6,0.8638,1.0,0.0,6,0.372,0.656,1.0,0.0,11,0.017,0.64,1.0,0.0,15,0.037,34.97,31.68
authzforce_0543.xml,authzforce,6,0.8638,1.0,0.0,6,0.36,0.656,1.0,0.0,11,0.016,0.64,1.0,0.0,15,0.033,34.97,31.68
authzforce_0544.xml,authzforce,1,0.8154,1.0,0.0,9,0.124,0.672,1.0,0.0,7,0.009,0.64,1.0,0.0,15,0.02,27.41,21.34
authzforce_0545.xml,authzforce,3,0.9278,1.0,0.556,10,1.025,0.8441,1.0,0.6272,11,0.067,0.8287,1.0,0.6289,15,0.101,11.96,9.92
authzforce_0546.xml,authzforce,3,0.9278,1.0,0.556,10,1.027,0.8441,1.0,0.6272,11,0.067,0.8287,1.0,0.6289,15,0.099,11.96,9.92
authzforce_0547.xml,authzforce,2,0.8303,1.0,0.6309,9,0.15,0.8453,1.0,0.6309,11,0.009,0.8293,1.0,0.6309,15,0.022,0.12,-1.77
authzforce_0550.xml,authzforce,1,0.8154,1.0,0.0,9,0.371,0.672,1.0,0.0,7,0.008,0.64,1.0,0.0,15,0.022,27.41,21.34
authzforce_0551.xml,authzforce,1,0.9582,1.0,0.556,10,0.606,0.8493,1.0,0.6309,10,0.028,0.8287,1.0,0.6289,15,0.047,15.63,12.82
authzforce_0552.xml,authzforce,1,0.9582,1.0,0.556,10,0.642,0.8493,1.0,0.6309,10,0.027,0.8287,1.0,0.6289,15,0.045,15.63,12.82
authzforce_0553.xml,authzforce,1,0.8154,1.0,0.0,9,0.19,0.672,1.0,0.0,7,0.006,0.64,1.0,0.0,15,0.022,27.41,21.34
authzforce_0555.xml,authzforce,1,0.8469,1.0,0.0,9,0.133,0.672,1.0,0.0,7,0.007,0.64,1.0,0.0,15,0.019,32.33,26.03
authzforce_0556.xml,authzforce,1,0.8469,1.0,0.0,9,0.127,0.672,1.0,0.0,7,0.007,0.64,1.0,0.0,15,0.019,32.33,26.03
authzforce_0557.xml,authzforce,1,0.8469,1.0,0.0,9,0.136,0.672,1.0,0.0,7,0.006,0.64,1.0,0.0,15,0.022,32.33,26.03
authzforce_0558.xml,authzforce,1,0.8154,1.0,0.0,9,0.189,0.672,1.0,0.0,7,0.008,0.64,1.0,0.0,15,0.022,27.41,21.34
authzforce_0559.xml,authzforce,1,0.8154,1.0,0.0,9,0.2,0.672,1.0,0.0,7,0.006,0.64,1.0,0.0,15,0.025,27.41,21.34
authzforce_0560.xml,authzforce,1,0.8154,1.0,0.0,9,0.2,0.672,1.0,0.0,7,0.006,0.64,1.0,0.0,15,0.021,27.41,21.34
authzforce_0561.xml,authzforce,2,0.8303,1.0,0.6309,9,0.159,0.8453,1.0,0.6309,11,0.009,0.8293,1.0,0.6309,15,0.022,0.12,-1.77
dypol_0000.xml,dypol,4,0.8486,1.0,0.5119,9,0.337,0.8176,1.0,0.5119,9,0.012,0.7936,1.0,0.5119,15,0.027,6.93,3.79
dypol_0001.xml,dypol,298,0.8148,1.0,0.4572,7,14.647,0.8012,1.0,0.4572,9,0.545,0.7772,1.0,0.4572,15,0.834,4.84,1.7
dypol_0002.xml,dypol,15,0.8346,1.0,0.0,10,0.826,0.664,1.0,0.0,9,0.039,0.64,1.0,0.0,15,0.056,30.41,25.69
dypol_0003.xml,dypol,2,0.9615,1.0,0.932,8,0.702,0.9394,1.0,0.9445,11,0.029,0.9236,1.0,0.9454,15,0.048,4.1,2.35
dypol_0004.xml,dypol,10,0.9532,1.0,0.9912,10,1.931,0.9603,1.0,0.9878,9,0.133,0.937,1.0,0.9899,15,0.209,1.73,-0.74
dypol_0005.xml,dypol,5,0.9695,1.0,0.9528,7,1.002,0.9432,1.0,0.9572,11,0.074,0.9281,1.0,0.9602,15,0.106,4.46,2.79
dypol_0006.xml,dypol,12,0.9623,1.0,0.9787,9,1.938,0.9515,1.0,0.985,11,0.155,0.9354,1.0,0.9846,15,0.221,2.88,1.14
dypol_0007.xml,dypol,360,0.8613,1.0,0.6309,7,44.77,0.8453,1.0,0.6309,11,0.703,0.8293,1.0,0.6309,15,0.967,3.86,1.89
dypol_0008.xml,dypol,12,0.9625,1.0,0.983,9,2.011,0.9479,1.0,0.9863,12,0.171,0.9355,1.0,0.9851,15,0.218,2.89,1.54
dypol_0009.xml,dypol,11,0.9625,1.0,0.9682,9,1.963,0.9468,1.0,0.9693,11,0.14,0.9311,1.0,0.9702,15,0.199,3.37,1.66
dypol_0010.xml,dypol,2,0.9518,1.0,0.9436,9,0.634,0.9394,1.0,0.9445,11,0.033,0.9236,1.0,0.9454,15,0.049,3.05,1.32
dypol_0011.xml,dypol,2,0.9615,1.0,0.932,8,0.717,0.9394,1.0,0.9445,11,0.028,0.9236,1.0,0.9454,15,0.049,4.1,2.35
dypol_0012.xml,dypol,9,0.9494,1.0,0.9656,10,1.912,0.9527,1.0,0.9758,10,0.114,0.9324,1.0,0.9747,15,0.163,1.82,-0.35
dypol_0013.xml,dypol,3,0.963,1.0,0.9962,9,0.96,0.9552,1.0,0.9975,11,0.05,0.9396,1.0,0.9987,15,0.077,2.49,0.82
dypol_0014.xml,dypol,12,0.9625,1.0,0.983,9,2.027,0.9479,1.0,0.9863,12,0.163,0.9355,1.0,0.9851,15,0.217,2.89,1.54
dypol_0015.xml,dypol,3,0.963,1.0,0.9962,9,1.153,0.9552,1.0,0.9975,11,0.048,0.9396,1.0,0.9987,15,0.075,2.49,0.82
dypol_0016.xml,dypol,12,0.9625,1.0,0.983,9,2.019,0.9479,1.0,0.9863,12,0.166,0.9355,1.0,0.9851,15,0.221,2.89,1.54
dypol_0017.xml,dypol,14,0.9597,1.0,0.9821,10,2.652,0.9577,1.0,0.9789,9,0.172,0.9343,1.0,0.981,15,0.254,2.72,0.21
dypol_0018.xml,dypol,6,0.8522,1.0,0.4101,9,0.429,0.779,1.0,0.4101,11,0.016,0.763,1.0,0.4101,15,0.032,11.69,9.4
dypol_0019.xml,dypol,304,0.8139,1.0,0.4563,7,15.33,0.8089,1.0,0.4563,7,0.555,0.7769,1.0,0.4563,15,0.848,4.76,0.62
dypol_0020.xml,dypol,298,0.8148,1.0,0.4572,7,20.359,0.8012,1.0,0.4572,9,0.533,0.7772,1.0,0.4572,15,0.872,4.84,1.7
dypol_0021.xml,dypol,15,0.8346,1.0,0.0,10,0.855,0.664,1.0,0.0,9,0.032,0.64,1.0,0.0,15,0.076,30.41,25.69
dypol_0022.xml,dypol,2,0.8373,1.0,0.0,9,0.197,0.656,1.0,0.0,11,0.009,0.64,1.0,0.0,15,0.024,30.83,27.64
dypol_0023.xml,dypol,14,0.8336,1.0,0.0,10,0.833,0.676,1.0,0.0,6,0.028,0.64,1.0,0.0,15,0.052,30.25,23.31
dypol_0024.xml,dypol,13,0.8018,1.0,0.0,9,0.72,0.664,1.0,0.0,9,0.029,0.64,1.0,0.0,15,0.05,25.28,20.75
dypol_0025.xml,dypol,6,0.843,1.0,0.0,9,0.358,0.656,1.0,0.0,11,0.018,0.64,1.0,0.0,15,0.036,31.72,28.51
dypol_0026.xml,dypol,15,0.8346,1.0,0.0,10,0.829,0.664,1.0,0.0,9,0.033,0.64,1.0,0.0,15,0.055,30.41,25.69
dypol_0027.xml,dypol,15,0.8563,1.0,0.0,8,0.829,0.664,1.0,0.0,9,0.035,0.64,1.0,0.0,15,0.055,33.8,28.96
dypol_0028.xml,dypol,1,0.7965,1.0,0.0,9,0.202,0.672,1.0,0.0,7,0.006,0.64,1.0,0.0,15,0.022,24.45,18.53
dypol_0029.xml,dypol,18,0.8081,1.0,0.0,9,0.901,0.664,1.0,0.0,9,0.044,0.64,1.0,0.0,15,0.064,26.27,21.7
dypol_0030.xml,dypol,15,0.8346,1.0,0.0,10,0.826,0.664,1.0,0.0,9,0.031,0.64,1.0,0.0,15,0.057,30.41,25.69
dypol_0031.xml,dypol,12,0.9623,1.0,0.9787,9,1.937,0.9515,1.0,0.985,11,0.16,0.9354,1.0,0.9846,15,0.224,2.88,1.14
dypol_0032.xml,dypol,4,0.9664,1.0,0.9464,8,0.757,0.9514,1.0,0.9847,11,0.053,0.9355,1.0,0.9849,15,0.079,3.3,1.58
dypol_0033.xml,dypol,11,0.9661,1.0,0.9713,8,2.005,0.9535,1.0,0.9915,11,0.186,0.9367,1.0,0.9889,15,0.245,3.14,1.32
dypol_0034.xml,dypol,7,0.9623,1.0,0.9912,9,1.797,0.9621,1.0,0.9938,9,0.138,0.9384,1.0,0.9947,15,0.198,2.55,0.02
dypol_0035.xml,dypol,5,0.9695,1.0,0.9528,7,1.254,0.9432,1.0,0.9572,11,0.076,0.9281,1.0,0.9602,15,0.108,4.46,2.79
dypol_0036.xml,dypol,12,0.9623,1.0,0.9787,9,2.066,0.9515,1.0,0.985,11,0.158,0.9354,1.0,0.9846,15,0.237,2.88,1.14
dypol_0037.xml,dypol,4,0.9657,1.0,0.9635,8,1.002,0.9583,1.0,0.9808,9,0.066,0.9351,1.0,0.9835,15,0.101,3.27,0.77
dypol_0038.xml,dypol,13,0.9584,1.0,0.9306,10,4.098,0.9529,1.0,0.9765,10,0.42,0.9329,1.0,0.9765,15,0.477,2.73,0.58
dypol_0039.xml,dypol,17,0.9614,1.0,0.9789,9,3.876,0.9531,1.0,0.977,10,0.274,0.9331,1.0,0.977,15,0.312,3.03,0.87
dypol_0040.xml,dypol,12,0.9623,1.0,0.9787,9,2.478,0.9515,1.0,0.985,11,0.258,0.9354,1.0,0.9846,15,0.303,2.88,1.14
onap_0000.xml,onap,1,0.8154,1.0,0.0,9,0.175,0.672,1.0,0.0,7,0.007,0.64,1.0,0.0,15,0.028,27.41,21.34
onap_0001.xml,onap,1,0.9582,1.0,0.556,10,0.99,0.8493,1.0,0.6309,10,0.082,0.8287,1.0,0.6289,15,0.151,15.63,12.82
onap_0003.xml,onap,1,0.8469,1.0,0.0,9,0.202,0.672,1.0,0.0,7,0.012,0.64,1.0,0.0,15,0.034,32.33,26.03
onap_0004.xml,onap,1,0.8469,1.0,0.0,9,0.144,0.672,1.0,0.0,7,0.006,0.64,1.0,0.0,15,0.018,32.33,26.03
onap_0005.xml,onap,1,0.8154,1.0,0.0,9,0.393,0.672,1.0,0.0,7,0.01,0.64,1.0,0.0,15,0.042,27.41,21.34
